변수         , n    , 결측%, 평균                  , 표준편차              , 최소         , 25%                   , 중앙값                , 75%                   , 최대          , 왜도
07 · imp_ton , 128.0,   0.0,   89400.50660156249   ,  15247.16851152641    ,  57258.322   ,   76817.1005          ,   89046.6185          ,   99379.5765          ,  125063.967   , 0.22892353849467587
07 · imp_musd, 128.0,   0.0,      64.2713821953125 ,     11.338659677999429,     39.075997,      55.81525125      ,      62.4912185       ,      72.0100615       ,      92.898006, 0.36327914015084367
08 · imp_ton , 128.0,   0.0,   72945.4557578125    ,  23476.79589905707    ,  44928.945   ,   57787.14275         ,   63950.349           ,   81618.1795          ,  144734.087   , 1.3567088318516196
08 · imp_musd, 128.0,   0.0,     152.90862525      ,     50.07275281493837 ,     71.316072,     112.30005675      ,     136.2440495       ,     189.09081425      ,     283.428328, 0.7749042727328519
09 · imp_ton , 128.0,   0.0,   17287.824109375     ,   2504.284590133356   ,  10940.934   ,   15552.77425         ,   16745.434           ,   18966.6535          ,   23978.923   , 0.4035795413674961
09 · imp_musd, 128.0,   0.0,      91.6246419140625 ,     35.002768233129075,     38.897069,      62.2478065       ,      79.30107849999999,     112.77178774999999,     186.126535, 0.7375194604522265
10 · imp_ton , 128.0,   0.0, 1316830.2328203125    , 153277.4223539715     , 910972.562   , 1214406.4455          , 1319955.0899999999    , 1422863.673           , 1672381.269   , -0.15067313689736
10 · imp_musd, 128.0,   0.0,     363.74234828906253,     97.11143494893653 ,    198.689743,     288.12384625      ,     360.5568625       ,     423.0792815       ,     644.870548, 0.700725842128639
12 · imp_ton , 128.0,   0.0,  249883.5868046875    ,  41141.97601633339    , 153707.798   ,  222052.5525          ,  247091.8015          ,  274687.0855          ,  365131.606   , 0.13512265373985108
12 · imp_musd, 128.0,   0.0,     145.233254015625  ,     28.81093351197944 ,     87.770264,     124.67306074999999,     144.318223        ,     165.42661900000002,     232.312582, 0.3926781278801938
25 · imp_ton , 128.0,   0.0,  572436.3699453124    , 104251.05233599732    , 354425.43    ,  498000.78225000005   ,  561871.3155          ,  641597.90275         ,  889736.431   , 0.32001249921493574
25 · imp_musd, 128.0,   0.0,      63.0047241875    ,     11.941495615555343,     43.006482,      56.08788875      ,      61.7244395       ,      67.86853275      ,     135.366793, 2.12310278425819
