item_nm,분야,행,R²,방향 정확도,|예측|≥5% 표시 비율,|예측|≥5% 방향 정확도
감귤,농산물,15563.0,0.306,0.734,0.361,0.812
감자,농산물,25124.0,0.183,0.708,0.542,0.674
갓,농산물,1144.0,0.036,0.733,0.597,0.802
건고추,농산물,15461.0,0.082,0.644,0.018,0.826
고구마,농산물,23247.0,0.419,0.755,0.19,0.867
고춧가루,농산물,20210.0,0.183,0.659,0.045,0.742
깐마늘(국산),농산물,26301.0,0.279,0.67,0.131,0.766
깻잎,농산물,17172.0,0.556,0.784,0.608,0.806
녹두,농산물,15979.0,0.124,0.642,0.034,0.757
느타리버섯,농산물,28793.0,0.441,0.747,0.433,0.813
단감,농산물,9295.0,0.323,0.725,0.468,0.784
당근,농산물,25355.0,0.317,0.756,0.49,0.771
들깨,농산물,5970.0,-0.087,0.58,0.011,0.81
딸기,농산물,8575.0,0.301,0.819,0.659,0.879
땅콩,농산물,26234.0,0.154,0.713,0.029,0.658
레몬,농산물,21433.0,0.345,0.77,0.208,0.829
망고,농산물,15366.0,0.269,0.726,0.352,0.781
메밀,농산물,1728.0,-0.041,0.572,0.011,0.684
멜론,농산물,15494.0,0.423,0.825,0.639,0.847
무,농산물,20923.0,0.099,0.671,0.51,0.698
미나리,농산물,16797.0,0.551,0.793,0.688,0.819
바나나,농산물,21147.0,0.239,0.756,0.229,0.733
방울토마토,농산물,24582.0,0.51,0.796,0.689,0.851
배,농산물,22467.0,0.04,0.616,0.445,0.6
배추,농산물,16080.0,0.34,0.78,0.772,0.807
복숭아,농산물,2612.0,-0.193,0.594,0.54,0.647
붉은고추,농산물,18262.0,0.452,0.75,0.656,0.806
브로콜리,농산물,11781.0,0.37,0.777,0.582,0.874
사과,농산물,25062.0,0.165,0.684,0.455,0.711
상추,농산물,35155.0,0.668,0.79,0.733,0.83
새송이버섯,농산물,23732.0,0.416,0.775,0.334,0.837
생강,농산물,19881.0,0.376,0.749,0.25,0.782
수박,농산물,18242.0,0.472,0.834,0.606,0.877
시금치,농산물,16817.0,0.708,0.839,0.777,0.878
쌀,농산물,25031.0,0.228,0.721,0.017,0.852
아몬드,농산물,11133.0,0.077,0.772,0.137,0.559
아보카도,농산물,8882.0,0.383,0.719,0.309,0.76
알배기배추,농산물,15805.0,0.36,0.788,0.479,0.886
양배추,농산물,24050.0,0.306,0.755,0.57,0.802
양파,농산물,18378.0,0.276,0.712,0.363,0.755
얼갈이배추,농산물,16282.0,0.6,0.804,0.671,0.86
열무,농산물,15652.0,0.469,0.748,0.693,0.793
오렌지,농산물,10525.0,0.177,0.622,0.155,0.7
오이,농산물,41212.0,0.53,0.801,0.75,0.84
절임배추,농산물,488.0,-0.093,0.481,0.184,0.644
참깨,농산물,23885.0,0.109,0.679,0.004,0.952
참다래,농산물,12903.0,0.187,0.645,0.101,0.688
참외,농산물,10769.0,0.59,0.866,0.81,0.889
찹쌀,농산물,16910.0,0.113,0.687,0.063,0.712
체리,농산물,7186.0,0.244,0.717,0.424,0.797
콩,농산물,19376.0,0.153,0.746,0.035,0.586
토마토,농산물,16955.0,0.547,0.833,0.758,0.868
파,농산물,40225.0,0.328,0.725,0.59,0.794
파인애플,농산물,19298.0,0.372,0.773,0.259,0.83
파프리카,농산물,22899.0,0.605,0.837,0.768,0.85
팥,농산물,18706.0,0.147,0.669,0.074,0.721
팽이버섯,농산물,16970.0,0.385,0.751,0.41,0.811
포도,농산물,21064.0,0.398,0.801,0.62,0.843
풋고추,농산물,77280.0,0.412,0.765,0.747,0.792
피마늘,농산물,5047.0,-0.045,0.612,0.012,0.869
피망,농산물,16602.0,0.364,0.779,0.735,0.805
호두,농산물,10792.0,0.258,0.779,0.32,0.564
호박,농산물,34603.0,0.446,0.77,0.791,0.787
계란,축산물,24819.0,0.107,0.683,0.093,0.744
닭,축산물,63426.0,0.188,0.685,0.146,0.769
돼지,축산물,52632.0,0.113,0.705,0.048,0.94
소,축산물,191382.0,0.178,0.691,0.154,0.788
수입 돼지고기,축산물,13158.0,0.217,0.714,0.141,0.796
수입 소고기,축산물,49434.0,0.323,0.738,0.178,0.867
우유,축산물,13140.0,-0.165,0.69,0.011,0.971
가리비,수산물,1133.0,0.162,0.752,0.166,0.787
갈치,수산물,32154.0,0.265,0.695,0.278,0.765
건다시마,수산물,4380.0,-0.139,0.707,0.01,0.8
고등어,수산물,30746.0,0.217,0.676,0.217,0.73
굴,수산물,6010.0,0.383,0.791,0.493,0.853
김,수산물,21424.0,-0.291,0.509,0.187,0.238
꽁치,수산물,9360.0,0.058,0.674,0.047,0.618
마른멸치,수산물,33428.0,0.243,0.757,0.091,0.835
마른미역,수산물,14061.0,0.316,0.809,0.068,0.891
마른오징어,수산물,14010.0,0.234,0.728,0.114,0.818
멸치액젓,수산물,11146.0,0.312,0.852,0.047,0.894
명태,수산물,19440.0,0.18,0.718,0.195,0.562
물오징어,수산물,25250.0,0.252,0.714,0.227,0.798
북어,수산물,2912.0,0.162,0.763,0.0,1.0
삼치,수산물,394.0,-0.052,0.474,0.091,0.889
새우,수산물,12661.0,0.149,0.682,0.112,0.664
새우젓,수산물,11058.0,0.222,0.781,0.03,0.792
수입조기,수산물,7792.0,0.189,0.727,0.024,0.788
전복,수산물,11668.0,0.376,0.71,0.259,0.792
조기,수산물,12111.0,0.279,0.713,0.232,0.777
천일염,수산물,10726.0,0.11,0.622,0.174,0.586
홍합,수산물,6657.0,0.094,0.63,0.343,0.336
