item_nm,n,MAE_XGB,MAE_유지,개선(%)
갈치,1816,0.03461157064697167,0.03790506425023846,8.688795727990527
고등어,1564,0.039595678516316825,0.04181677720690017,5.311501361269045
물오징어,1383,0.03614641347165535,0.04059352356665311,10.955220695970791
마른멸치,1368,0.024247847928969647,0.02705057414638341,10.36105999912198
명태,1101,0.02710280521277109,0.030291694194588374,10.52727180372427
조기,758,0.06305646270951744,0.07093512767635494,11.106859499547683
홍합,684,0.04315211921044936,0.033838400664246565,-27.52410977875681
김,684,0.013687552684976371,0.013214345402264918,-3.581011910210452
삼치,463,0.03854141127152922,0.03276197461631016,-17.640684735595368
꽃게,458,0.06873920533550214,0.06562964496991706,-4.738042338961934
고등어필렛,456,0.06814906520774702,0.08186980941630306,16.759223340544104
건다시마,456,0.011688842180246116,0.012274495842641835,4.771305232440959
전복,456,0.022959868157325033,0.02527565171550479,9.162112155387836
새우,456,0.014025318506206337,0.014946954608303802,6.166046035795469
마른오징어,456,0.010792966877758216,0.009629567119447145,-12.081537455214963
마른미역,456,0.017046894521538937,0.017528660021940864,2.74844454623967
가리비,248,0.04277018254633609,0.041068567649693806,-4.143350971372306
굴,244,0.04067444544225987,0.0507877320927633,19.912853426948875
꽁치,228,0.006807243307690312,0.004810182564639567,-41.51735856621039
북어,228,0.0034637848422683034,0.002969318297366833,-16.65252746194166
수입조기,228,0.018998134035153852,0.018654140425596148,-1.8440603625224927
새우젓,228,0.011690307615687578,0.012180133657453828,4.021516147045679
멸치액젓,228,0.01829986251573098,0.0217310290588899,15.789250172463742
바지락,228,0.04452813575225444,0.04998986922986147,10.925680666402815
천일염,228,0.04541388858610817,0.05063344708065145,10.308518964212155
꼬막,68,0.07396834235832161,0.04179090556192533,-76.99626596680488
낙지,68,0.06606544699391308,0.03154636395324152,-109.42333351582528
전어,31,0.14205481780212334,0.0730741745616375,-94.39811486656096
