분야,모델,피처 수,RMSE,MAE,R2,방향정확도,3구간정확도,상승재현율,R² 전국 행,R² 지역 행
축산물,베이스라인 1 (오늘 가격 유지),-,0.0707,0.0429,-0.129,0.5141,0.489,0.2928,-0.152,-0.1283
축산물,LightGBM 단일 (시드 0),33,0.0599,0.0388,0.191,0.6967,0.5128,0.5199,0.1646,0.1919
축산물,LightGBM 5시드,33,0.0597,0.0387,0.1954,0.6983,0.514,0.5146,0.1674,0.1964
수산물,베이스라인 1 (오늘 가격 유지),-,0.0973,0.0498,-0.0978,0.3254,0.6084,0.2768,-0.0716,-0.0989
수산물,LightGBM 단일 (시드 0),39,0.0818,0.0475,0.2237,0.7028,0.5987,0.4903,0.1892,0.2249
수산물,LightGBM 5시드,39,0.0817,0.0473,0.2259,0.7046,0.6019,0.4891,0.1957,0.2269
농산물,베이스라인 1 (오늘 가격 유지),-,0.1623,0.0977,0.0702,0.4586,0.5061,0.3557,0.1099,0.0662
농산물,LightGBM 단일 (시드 0),42,0.1249,0.0813,0.4491,0.7567,0.6311,0.6704,0.4851,0.4455
농산물,LightGBM 5시드,42,0.1241,0.0808,0.4559,0.758,0.6325,0.6748,0.4932,0.4521
농산물,LGB5+XGB+Cat,42,0.1238,0.0807,0.4591,0.7569,0.6314,0.6839,0.4956,0.4554
