분야,묶음,임계값,묶음 내 최소 |ρ|,구성원,실험,남긴 피처 SHAP %,RMSE,±,R²,ΔRMSE,ΔR²,판정
농산물,1,0.9,0.94,"wx_wind_avg, wx_wind_gust",wx_wind_avg 만 남김,0.07,0.12916,0.00046,0.4138,0.00082,-0.0074,유지
농산물,1,0.9,0.94,"wx_wind_avg, wx_wind_gust",wx_wind_gust 만 남김,0.07,0.12934,0.00077,0.4121,0.001,-0.0091,유지
농산물,1,0.9,0.94,"wx_wind_avg, wx_wind_gust",묶음 전체 제거,,0.12923,0.00069,0.4131,0.00089,-0.0081,유지
농산물,2,0.9,0.95,"wx_temp_avg, wx_temp_max, wx_temp_min, wx_ground_temp, prodarea_temp_avg, prodarea_temp_max, prodarea_temp_min",wx_temp_min 만 남김,3.61,0.12974,0.00049,0.4085,0.00141,-0.0127,나빠짐
농산물,2,0.9,0.95,"wx_temp_avg, wx_temp_max, wx_temp_min, wx_ground_temp, prodarea_temp_avg, prodarea_temp_max, prodarea_temp_min",wx_temp_avg 만 남김,1.21,0.12948,0.00058,0.4109,0.00114,-0.0103,유지
농산물,2,0.9,0.95,"wx_temp_avg, wx_temp_max, wx_temp_min, wx_ground_temp, prodarea_temp_avg, prodarea_temp_max, prodarea_temp_min",wx_ground_temp 만 남김,0.54,0.12888,0.00034,0.4163,0.00054,-0.0049,유지
농산물,2,0.9,0.95,"wx_temp_avg, wx_temp_max, wx_temp_min, wx_ground_temp, prodarea_temp_avg, prodarea_temp_max, prodarea_temp_min",prodarea_temp_min 만 남김,0.28,0.12854,0.00082,0.4194,0.0002,-0.0018,유지
농산물,2,0.9,0.95,"wx_temp_avg, wx_temp_max, wx_temp_min, wx_ground_temp, prodarea_temp_avg, prodarea_temp_max, prodarea_temp_min",prodarea_temp_avg 만 남김,0.26,0.12891,0.00053,0.4161,0.00057,-0.0052,유지
농산물,2,0.9,0.95,"wx_temp_avg, wx_temp_max, wx_temp_min, wx_ground_temp, prodarea_temp_avg, prodarea_temp_max, prodarea_temp_min",wx_temp_max 만 남김,0.17,0.12921,0.00052,0.4134,0.00087,-0.0078,유지
농산물,2,0.9,0.95,"wx_temp_avg, wx_temp_max, wx_temp_min, wx_ground_temp, prodarea_temp_avg, prodarea_temp_max, prodarea_temp_min",prodarea_temp_max 만 남김,0.14,0.13048,0.00021,0.4018,0.00214,-0.0195,나빠짐
농산물,2,0.9,0.95,"wx_temp_avg, wx_temp_max, wx_temp_min, wx_ground_temp, prodarea_temp_avg, prodarea_temp_max, prodarea_temp_min",묶음 전체 제거,,0.12918,0.00037,0.4136,0.00084,-0.0076,유지
농산물,3,0.9,0.94,"intl_대두, impidx_콩류",intl_대두 만 남김,0.37,0.13002,0.00084,0.406,0.00168,-0.0153,유지
농산물,3,0.9,0.94,"intl_대두, impidx_콩류",impidx_콩류 만 남김,0.26,0.12881,0.00065,0.417,0.00047,-0.0042,유지
농산물,3,0.9,0.94,"intl_대두, impidx_콩류",묶음 전체 제거,,0.12965,0.00018,0.4094,0.00131,-0.0119,나빠짐
농산물,4,0.9,0.97,"import_kg, import_usd",import_kg 만 남김,0.82,0.12851,0.0006,0.4197,0.00017,-0.0015,유지
농산물,4,0.9,0.97,"import_kg, import_usd",import_usd 만 남김,0.74,0.12977,0.00022,0.4083,0.00143,-0.0129,나빠짐
농산물,4,0.9,0.97,"import_kg, import_usd",묶음 전체 제거,,0.12868,0.00053,0.4181,0.00034,-0.0031,유지
농산물,5,0.9,0.96,"fuel_보통휘발유, fuel_자동차용_경유",fuel_보통휘발유 만 남김,0.37,0.12931,0.00048,0.4124,0.00097,-0.0088,유지
농산물,5,0.9,0.96,"fuel_보통휘발유, fuel_자동차용_경유",fuel_자동차용_경유 만 남김,0.33,0.12859,0.00044,0.4189,0.00025,-0.0023,유지
농산물,5,0.9,0.96,"fuel_보통휘발유, fuel_자동차용_경유",묶음 전체 제거,,0.12995,0.00029,0.4066,0.00161,-0.0146,나빠짐
농산물,6,0.9,1.0,"impidx_과일, impidx_채소및과실",impidx_과일 만 남김,0.83,0.1296,0.00044,0.4098,0.00126,-0.0114,나빠짐
농산물,6,0.9,1.0,"impidx_과일, impidx_채소및과실",impidx_채소및과실 만 남김,0.26,0.1296,0.00044,0.4098,0.00126,-0.0114,나빠짐
농산물,6,0.9,1.0,"impidx_과일, impidx_채소및과실",묶음 전체 제거,,0.12953,0.00034,0.4105,0.00119,-0.0108,나빠짐
농산물,7,0.9,0.99,"impidx_곡물및식량작물, impidx_맥류및잡곡",impidx_곡물및식량작물 만 남김,0.14,0.12954,0.00116,0.4103,0.0012,-0.0109,유지
농산물,7,0.9,0.99,"impidx_곡물및식량작물, impidx_맥류및잡곡",impidx_맥류및잡곡 만 남김,0.08,0.12888,0.00064,0.4163,0.00054,-0.0049,유지
농산물,7,0.9,0.99,"impidx_곡물및식량작물, impidx_맥류및잡곡",묶음 전체 제거,,0.12885,0.00054,0.4166,0.00051,-0.0046,유지
농산물,8,0.9,0.97,"cpi_총지수, cpi_식료품",cpi_식료품 만 남김,1.25,0.12836,0.00074,0.421,2e-05,-0.0002,유지
농산물,8,0.9,0.97,"cpi_총지수, cpi_식료품",cpi_총지수 만 남김,0.73,0.12891,0.0006,0.4161,0.00057,-0.0052,유지
농산물,8,0.9,0.97,"cpi_총지수, cpi_식료품",묶음 전체 제거,,0.12776,5e-05,0.4264,-0.00058,0.0052,유지
농산물,9,0.9,0.98,"wx_sunshine_hr, prodarea_sunshine_hr",prodarea_sunshine_hr 만 남김,0.06,0.12826,0.00036,0.4219,-8e-05,0.0007,유지
농산물,9,0.9,0.98,"wx_sunshine_hr, prodarea_sunshine_hr",wx_sunshine_hr 만 남김,0.03,0.12904,0.0003,0.4149,0.0007,-0.0064,유지
농산물,9,0.9,0.98,"wx_sunshine_hr, prodarea_sunshine_hr",묶음 전체 제거,,0.12905,0.00073,0.4148,0.00071,-0.0064,유지
농산물,10,0.9,0.98,"wx_humidity, prodarea_humidity",wx_humidity 만 남김,0.27,0.12893,0.00048,0.4158,0.00059,-0.0054,유지
농산물,10,0.9,0.98,"wx_humidity, prodarea_humidity",prodarea_humidity 만 남김,0.06,0.12864,0.00042,0.4185,0.0003,-0.0027,유지
농산물,10,0.9,0.98,"wx_humidity, prodarea_humidity",묶음 전체 제거,,0.12966,0.00066,0.4092,0.00132,-0.012,유지
농산물,11,0.9,0.9,"wx_rain, wx_rain_1h_max, prodarea_rain",wx_rain 만 남김,0.13,0.12965,0.00042,0.4094,0.00131,-0.0118,나빠짐
농산물,11,0.9,0.9,"wx_rain, wx_rain_1h_max, prodarea_rain",prodarea_rain 만 남김,0.05,0.12903,0.00045,0.4149,0.00069,-0.0063,유지
농산물,11,0.9,0.9,"wx_rain, wx_rain_1h_max, prodarea_rain",wx_rain_1h_max 만 남김,0.04,0.12922,0.00042,0.4133,0.00088,-0.008,유지
농산물,11,0.9,0.9,"wx_rain, wx_rain_1h_max, prodarea_rain",묶음 전체 제거,,0.12965,0.00066,0.4093,0.00131,-0.0119,유지
농산물,12,0.9,0.99,"whsl_price_kg, mafra_whsl_price_kg",whsl_price_kg 만 남김,0.66,0.12936,0.00025,0.412,0.00102,-0.0092,나빠짐
농산물,12,0.9,0.99,"whsl_price_kg, mafra_whsl_price_kg",mafra_whsl_price_kg 만 남김,0.57,0.1292,0.00106,0.4134,0.00086,-0.0078,유지
농산물,12,0.9,0.99,"whsl_price_kg, mafra_whsl_price_kg",묶음 전체 제거,,0.12913,0.00065,0.414,0.00079,-0.0072,유지
농산물,13,0.8,0.86,"wx_wind_avg, wx_wind_gust, prodarea_wind_avg",wx_wind_avg 만 남김,0.07,0.12905,0.00043,0.4148,0.00071,-0.0064,유지
농산물,13,0.8,0.86,"wx_wind_avg, wx_wind_gust, prodarea_wind_avg",wx_wind_gust 만 남김,0.07,0.12928,0.00039,0.4127,0.00094,-0.0085,유지
농산물,13,0.8,0.86,"wx_wind_avg, wx_wind_gust, prodarea_wind_avg",prodarea_wind_avg 만 남김,0.02,0.12923,0.00069,0.4131,0.00089,-0.0081,유지
농산물,13,0.8,0.86,"wx_wind_avg, wx_wind_gust, prodarea_wind_avg",묶음 전체 제거,,0.12996,0.00067,0.4065,0.00162,-0.0148,나빠짐
농산물,14,0.8,0.88,"intl_대두, impidx_콩류, impidx_유지",impidx_유지 만 남김,0.54,0.12965,0.00018,0.4094,0.00131,-0.0119,나빠짐
농산물,14,0.8,0.88,"intl_대두, impidx_콩류, impidx_유지",intl_대두 만 남김,0.37,0.13018,0.00021,0.4045,0.00184,-0.0167,나빠짐
농산물,14,0.8,0.88,"intl_대두, impidx_콩류, impidx_유지",impidx_콩류 만 남김,0.26,0.12935,0.00096,0.412,0.00101,-0.0092,유지
농산물,14,0.8,0.88,"intl_대두, impidx_콩류, impidx_유지",묶음 전체 제거,,0.12912,0.00037,0.4142,0.00078,-0.007,유지
농산물,15,0.8,0.86,"garak_qty_kg, garak_amount_krw",garak_qty_kg 만 남김,1.5,0.12957,0.00054,0.41,0.00123,-0.0112,유지
농산물,15,0.8,0.86,"garak_qty_kg, garak_amount_krw",garak_amount_krw 만 남김,0.96,0.1288,0.00051,0.4171,0.00046,-0.0042,유지
농산물,15,0.8,0.86,"garak_qty_kg, garak_amount_krw",묶음 전체 제거,,0.12884,0.00057,0.4167,0.0005,-0.0045,유지
농산물,16,0.8,0.88,"intl_원유_Brent, fuel_보통휘발유, fuel_자동차용_경유",intl_원유_Brent 만 남김,1.13,0.12995,0.00029,0.4066,0.00161,-0.0146,나빠짐
농산물,16,0.8,0.88,"intl_원유_Brent, fuel_보통휘발유, fuel_자동차용_경유",fuel_보통휘발유 만 남김,0.37,0.12905,0.00052,0.4148,0.00071,-0.0064,유지
농산물,16,0.8,0.88,"intl_원유_Brent, fuel_보통휘발유, fuel_자동차용_경유",fuel_자동차용_경유 만 남김,0.33,0.12993,0.0006,0.4068,0.00159,-0.0144,나빠짐
농산물,16,0.8,0.88,"intl_원유_Brent, fuel_보통휘발유, fuel_자동차용_경유",묶음 전체 제거,,0.12965,0.00048,0.4093,0.00131,-0.0119,나빠짐
농산물,17,0.8,0.9,"intl_소맥, impidx_곡물및식량작물, impidx_맥류및잡곡",intl_소맥 만 남김,0.26,0.12885,0.00054,0.4166,0.00051,-0.0046,유지
농산물,17,0.8,0.9,"intl_소맥, impidx_곡물및식량작물, impidx_맥류및잡곡",impidx_곡물및식량작물 만 남김,0.14,0.12805,0.0004,0.4238,-0.00028,0.0026,유지
농산물,17,0.8,0.9,"intl_소맥, impidx_곡물및식량작물, impidx_맥류및잡곡",impidx_맥류및잡곡 만 남김,0.08,0.12963,0.0006,0.4095,0.00129,-0.0117,유지
농산물,17,0.8,0.9,"intl_소맥, impidx_곡물및식량작물, impidx_맥류및잡곡",묶음 전체 제거,,0.12926,0.00098,0.4129,0.00092,-0.0083,유지
농산물,18,0.8,0.83,"cpi_총지수, cpi_식료품, impidx_곡류",cpi_식료품 만 남김,1.25,0.12886,0.00071,0.4165,0.00053,-0.0048,유지
농산물,18,0.8,0.83,"cpi_총지수, cpi_식료품, impidx_곡류",cpi_총지수 만 남김,0.73,0.12889,0.00074,0.4162,0.00055,-0.005,유지
농산물,18,0.8,0.83,"cpi_총지수, cpi_식료품, impidx_곡류",impidx_곡류 만 남김,0.56,0.12776,5e-05,0.4264,-0.00058,0.0052,유지
농산물,18,0.8,0.83,"cpi_총지수, cpi_식료품, impidx_곡류",묶음 전체 제거,,0.12919,0.00056,0.4135,0.00085,-0.0077,유지
농산물,19,0.8,0.8,"price_kg, whsl_price_kg, mafra_whsl_price_kg, garak_price_kg",price_kg 만 남김,9.73,0.13072,0.00075,0.3995,0.00238,-0.0217,나빠짐
농산물,19,0.8,0.8,"price_kg, whsl_price_kg, mafra_whsl_price_kg, garak_price_kg",garak_price_kg 만 남김,2.68,0.12943,0.0005,0.4113,0.0011,-0.0099,유지
농산물,19,0.8,0.8,"price_kg, whsl_price_kg, mafra_whsl_price_kg, garak_price_kg",whsl_price_kg 만 남김,0.66,0.13095,0.0007,0.3974,0.00261,-0.0238,나빠짐
농산물,19,0.8,0.8,"price_kg, whsl_price_kg, mafra_whsl_price_kg, garak_price_kg",mafra_whsl_price_kg 만 남김,0.57,0.13203,0.00036,0.3875,0.00369,-0.0337,나빠짐
농산물,19,0.8,0.8,"price_kg, whsl_price_kg, mafra_whsl_price_kg, garak_price_kg",묶음 전체 제거,,0.1316,0.00063,0.3914,0.00326,-0.0298,나빠짐
축산물,1,0.9,0.95,"wx_temp_avg, wx_temp_max, wx_temp_min, wx_ground_temp",wx_ground_temp 만 남김,0.8,0.04548,0.00013,0.1348,0.00012,-0.0045,유지
축산물,1,0.9,0.95,"wx_temp_avg, wx_temp_max, wx_temp_min, wx_ground_temp",wx_temp_avg 만 남김,0.58,0.04549,0.00016,0.1343,0.00013,-0.005,유지
축산물,1,0.9,0.95,"wx_temp_avg, wx_temp_max, wx_temp_min, wx_ground_temp",wx_temp_min 만 남김,0.58,0.04547,0.00031,0.1353,0.0001,-0.004,유지
축산물,1,0.9,0.95,"wx_temp_avg, wx_temp_max, wx_temp_min, wx_ground_temp",wx_temp_max 만 남김,0.35,0.04546,0.00011,0.1357,9e-05,-0.0035,유지
축산물,1,0.9,0.95,"wx_temp_avg, wx_temp_max, wx_temp_min, wx_ground_temp",묶음 전체 제거,,0.04499,3e-05,0.1535,-0.00038,0.0142,좋아짐
축산물,2,0.9,0.94,"intl_소맥, intl_옥수수",intl_옥수수 만 남김,1.05,0.0456,0.00016,0.1301,0.00024,-0.0091,유지
축산물,2,0.9,0.94,"intl_소맥, intl_옥수수",intl_소맥 만 남김,0.8,0.04546,6e-05,0.1356,0.0001,-0.0036,유지
축산물,2,0.9,0.94,"intl_소맥, intl_옥수수",묶음 전체 제거,,0.04517,0.00027,0.1465,-0.00019,0.0073,유지
축산물,3,0.9,1.0,"pig_auction_price_kg, pig_auction_rep_kg",pig_auction_price_kg 만 남김,1.28,0.04556,0.00012,0.1316,0.0002,-0.0077,유지
축산물,3,0.9,1.0,"pig_auction_price_kg, pig_auction_rep_kg",pig_auction_rep_kg 만 남김,0.77,0.04568,0.0001,0.1273,0.00031,-0.012,나빠짐
축산물,3,0.9,1.0,"pig_auction_price_kg, pig_auction_rep_kg",묶음 전체 제거,,0.04504,0.00018,0.1516,-0.00033,0.0123,유지
축산물,4,0.9,0.91,"intl_원유_Brent, fuel_보통휘발유, fuel_자동차용_경유, impidx_축산물, impidx_도축육, impidx_낙농및육류",intl_원유_Brent 만 남김,0.68,0.04543,0.0004,0.1366,7e-05,-0.0027,유지
축산물,4,0.9,0.91,"intl_원유_Brent, fuel_보통휘발유, fuel_자동차용_경유, impidx_축산물, impidx_도축육, impidx_낙농및육류",fuel_보통휘발유 만 남김,0.53,0.04562,1e-05,0.1296,0.00025,-0.0096,나빠짐
축산물,4,0.9,0.91,"intl_원유_Brent, fuel_보통휘발유, fuel_자동차용_경유, impidx_축산물, impidx_도축육, impidx_낙농및육류",impidx_도축육 만 남김,0.27,0.04573,0.00016,0.1253,0.00037,-0.014,나빠짐
축산물,4,0.9,0.91,"intl_원유_Brent, fuel_보통휘발유, fuel_자동차용_경유, impidx_축산물, impidx_도축육, impidx_낙농및육류",impidx_축산물 만 남김,0.26,0.04565,0.00024,0.1285,0.00028,-0.0108,유지
축산물,4,0.9,0.91,"intl_원유_Brent, fuel_보통휘발유, fuel_자동차용_경유, impidx_축산물, impidx_도축육, impidx_낙농및육류",fuel_자동차용_경유 만 남김,0.2,0.04538,9e-05,0.1386,2e-05,-0.0006,유지
축산물,4,0.9,0.91,"intl_원유_Brent, fuel_보통휘발유, fuel_자동차용_경유, impidx_축산물, impidx_도축육, impidx_낙농및육류",impidx_낙농및육류 만 남김,0.08,0.04564,7e-05,0.1288,0.00028,-0.0105,나빠짐
축산물,4,0.9,0.91,"intl_원유_Brent, fuel_보통휘발유, fuel_자동차용_경유, impidx_축산물, impidx_도축육, impidx_낙농및육류",묶음 전체 제거,,0.04547,0.00027,0.1354,0.0001,-0.0039,유지
축산물,5,0.9,0.9,"usd_krw, cpi_총지수, cpi_식료품, fuel_실내등유, impidx_낙농품, impidx_육가공품및낙농품",cpi_식료품 만 남김,1.74,0.04569,0.00014,0.1267,0.00033,-0.0125,유지
축산물,5,0.9,0.9,"usd_krw, cpi_총지수, cpi_식료품, fuel_실내등유, impidx_낙농품, impidx_육가공품및낙농품",usd_krw 만 남김,1.16,0.04565,0.00025,0.1284,0.00029,-0.0109,유지
축산물,5,0.9,0.9,"usd_krw, cpi_총지수, cpi_식료품, fuel_실내등유, impidx_낙농품, impidx_육가공품및낙농품",cpi_총지수 만 남김,0.96,0.04557,0.00022,0.1312,0.00021,-0.0081,유지
축산물,5,0.9,0.9,"usd_krw, cpi_총지수, cpi_식료품, fuel_실내등유, impidx_낙농품, impidx_육가공품및낙농품",fuel_실내등유 만 남김,0.61,0.04595,0.00023,0.1168,0.00059,-0.0225,나빠짐
축산물,5,0.9,0.9,"usd_krw, cpi_총지수, cpi_식료품, fuel_실내등유, impidx_낙농품, impidx_육가공품및낙농품",impidx_낙농품 만 남김,0.1,0.04577,0.00011,0.1237,0.00041,-0.0156,나빠짐
축산물,5,0.9,0.9,"usd_krw, cpi_총지수, cpi_식료품, fuel_실내등유, impidx_낙농품, impidx_육가공품및낙농품",impidx_육가공품및낙농품 만 남김,0.05,0.04597,0.00018,0.1162,0.0006,-0.023,나빠짐
축산물,5,0.9,0.9,"usd_krw, cpi_총지수, cpi_식료품, fuel_실내등유, impidx_낙농품, impidx_육가공품및낙농품",묶음 전체 제거,,0.04609,0.00045,0.1115,0.00072,-0.0277,유지
축산물,6,0.9,0.95,"wx_wind_avg, wx_wind_gust",wx_wind_avg 만 남김,0.36,0.04544,8e-05,0.1363,8e-05,-0.0029,유지
축산물,6,0.9,0.95,"wx_wind_avg, wx_wind_gust",wx_wind_gust 만 남김,0.23,0.04537,0.00012,0.1391,0.0,-0.0001,유지
축산물,6,0.9,0.95,"wx_wind_avg, wx_wind_gust",묶음 전체 제거,,0.04546,0.00023,0.1356,0.0001,-0.0037,유지
축산물,7,0.9,0.93,"wx_rain, wx_rain_1h_max",wx_rain 만 남김,0.21,0.04536,0.00016,0.1392,0.0,-0.0001,유지
축산물,7,0.9,0.93,"wx_rain, wx_rain_1h_max",wx_rain_1h_max 만 남김,0.18,0.04544,9e-05,0.1365,7e-05,-0.0028,유지
축산물,7,0.9,0.93,"wx_rain, wx_rain_1h_max",묶음 전체 제거,,0.04559,0.00023,0.1306,0.00023,-0.0086,유지
축산물,8,0.8,0.87,"intl_소맥, intl_옥수수, intl_대두",intl_옥수수 만 남김,1.05,0.04531,0.00014,0.1413,-5e-05,0.002,유지
축산물,8,0.8,0.87,"intl_소맥, intl_옥수수, intl_대두",intl_소맥 만 남김,0.8,0.04552,0.0001,0.1332,0.00016,-0.006,유지
축산물,8,0.8,0.87,"intl_소맥, intl_옥수수, intl_대두",intl_대두 만 남김,0.62,0.04517,0.00027,0.1465,-0.00019,0.0073,유지
축산물,8,0.8,0.87,"intl_소맥, intl_옥수수, intl_대두",묶음 전체 제거,,0.04531,0.00019,0.1413,-5e-05,0.002,유지
축산물,9,0.8,0.82,"intl_원유_Brent, fuel_보통휘발유, fuel_자동차용_경유, pig_auction_price_kg, pig_auction_rep_kg, impidx_축산물, impidx_도축육, impidx_가금육, impidx_낙농및육류",pig_auction_price_kg 만 남김,1.28,0.0454,0.00018,0.1378,4e-05,-0.0014,유지
축산물,9,0.8,0.82,"intl_원유_Brent, fuel_보통휘발유, fuel_자동차용_경유, pig_auction_price_kg, pig_auction_rep_kg, impidx_축산물, impidx_도축육, impidx_가금육, impidx_낙농및육류",pig_auction_rep_kg 만 남김,0.77,0.04558,0.0001,0.131,0.00022,-0.0083,유지
축산물,9,0.8,0.82,"intl_원유_Brent, fuel_보통휘발유, fuel_자동차용_경유, pig_auction_price_kg, pig_auction_rep_kg, impidx_축산물, impidx_도축육, impidx_가금육, impidx_낙농및육류",intl_원유_Brent 만 남김,0.68,0.04515,3e-05,0.1474,-0.00021,0.0081,좋아짐
축산물,9,0.8,0.82,"intl_원유_Brent, fuel_보통휘발유, fuel_자동차용_경유, pig_auction_price_kg, pig_auction_rep_kg, impidx_축산물, impidx_도축육, impidx_가금육, impidx_낙농및육류",fuel_보통휘발유 만 남김,0.53,0.04516,0.00019,0.1468,-0.0002,0.0076,유지
축산물,9,0.8,0.82,"intl_원유_Brent, fuel_보통휘발유, fuel_자동차용_경유, pig_auction_price_kg, pig_auction_rep_kg, impidx_축산물, impidx_도축육, impidx_가금육, impidx_낙농및육류",impidx_가금육 만 남김,0.48,0.04576,0.00027,0.124,0.0004,-0.0153,유지
축산물,9,0.8,0.82,"intl_원유_Brent, fuel_보통휘발유, fuel_자동차용_경유, pig_auction_price_kg, pig_auction_rep_kg, impidx_축산물, impidx_도축육, impidx_가금육, impidx_낙농및육류",impidx_도축육 만 남김,0.27,0.04544,0.00012,0.1365,7e-05,-0.0028,유지
축산물,9,0.8,0.82,"intl_원유_Brent, fuel_보통휘발유, fuel_자동차용_경유, pig_auction_price_kg, pig_auction_rep_kg, impidx_축산물, impidx_도축육, impidx_가금육, impidx_낙농및육류",impidx_축산물 만 남김,0.26,0.04553,0.00044,0.1328,0.00017,-0.0065,유지
축산물,9,0.8,0.82,"intl_원유_Brent, fuel_보통휘발유, fuel_자동차용_경유, pig_auction_price_kg, pig_auction_rep_kg, impidx_축산물, impidx_도축육, impidx_가금육, impidx_낙농및육류",fuel_자동차용_경유 만 남김,0.2,0.04531,0.00014,0.1414,-6e-05,0.0021,유지
축산물,9,0.8,0.82,"intl_원유_Brent, fuel_보통휘발유, fuel_자동차용_경유, pig_auction_price_kg, pig_auction_rep_kg, impidx_축산물, impidx_도축육, impidx_가금육, impidx_낙농및육류",impidx_낙농및육류 만 남김,0.08,0.04558,0.00036,0.131,0.00022,-0.0082,유지
축산물,9,0.8,0.82,"intl_원유_Brent, fuel_보통휘발유, fuel_자동차용_경유, pig_auction_price_kg, pig_auction_rep_kg, impidx_축산물, impidx_도축육, impidx_가금육, impidx_낙농및육류",묶음 전체 제거,,0.04538,0.0002,0.1384,2e-05,-0.0008,유지
축산물,10,0.8,0.81,"usd_krw, cpi_총지수, cpi_식료품, intl_천연가스, fuel_실내등유, impidx_낙농품, impidx_육가공품및낙농품",cpi_식료품 만 남김,1.74,0.04532,9e-05,0.1409,-4e-05,0.0016,유지
축산물,10,0.8,0.81,"usd_krw, cpi_총지수, cpi_식료품, intl_천연가스, fuel_실내등유, impidx_낙농품, impidx_육가공품및낙농품",intl_천연가스 만 남김,1.63,0.04609,0.00045,0.1115,0.00072,-0.0277,유지
축산물,10,0.8,0.81,"usd_krw, cpi_총지수, cpi_식료품, intl_천연가스, fuel_실내등유, impidx_낙농품, impidx_육가공품및낙농품",usd_krw 만 남김,1.16,0.04547,0.00014,0.1352,0.00011,-0.004,유지
축산물,10,0.8,0.81,"usd_krw, cpi_총지수, cpi_식료품, intl_천연가스, fuel_실내등유, impidx_낙농품, impidx_육가공품및낙농품",cpi_총지수 만 남김,0.96,0.04541,0.00012,0.1376,4e-05,-0.0017,유지
축산물,10,0.8,0.81,"usd_krw, cpi_총지수, cpi_식료품, intl_천연가스, fuel_실내등유, impidx_낙농품, impidx_육가공품및낙농품",fuel_실내등유 만 남김,0.61,0.04543,0.00014,0.1368,6e-05,-0.0024,유지
축산물,10,0.8,0.81,"usd_krw, cpi_총지수, cpi_식료품, intl_천연가스, fuel_실내등유, impidx_낙농품, impidx_육가공품및낙농품",impidx_낙농품 만 남김,0.1,0.04553,0.00013,0.1329,0.00017,-0.0063,유지
축산물,10,0.8,0.81,"usd_krw, cpi_총지수, cpi_식료품, intl_천연가스, fuel_실내등유, impidx_낙농품, impidx_육가공품및낙농품",impidx_육가공품및낙농품 만 남김,0.05,0.04553,0.00019,0.1331,0.00016,-0.0062,유지
축산물,10,0.8,0.81,"usd_krw, cpi_총지수, cpi_식료품, intl_천연가스, fuel_실내등유, impidx_낙농품, impidx_육가공품및낙농품",묶음 전체 제거,,0.04538,9e-05,0.1387,1e-05,-0.0005,유지
축산물,11,0.8,0.84,"census_heads, census_farms",census_heads 만 남김,2.12,0.04565,0.00015,0.1284,0.00028,-0.0108,유지
축산물,11,0.8,0.84,"census_heads, census_farms",census_farms 만 남김,2.08,0.04557,0.00018,0.1316,0.0002,-0.0077,유지
축산물,11,0.8,0.84,"census_heads, census_farms",묶음 전체 제거,,0.04549,0.00021,0.1343,0.00013,-0.005,유지
축산물,12,0.8,0.82,"price_kg, import_usd",price_kg 만 남김,8.42,0.04538,5e-05,0.1387,2e-05,-0.0006,유지
축산물,12,0.8,0.82,"price_kg, import_usd",import_usd 만 남김,2.03,0.04559,0.00022,0.1305,0.00023,-0.0088,유지
축산물,12,0.8,0.82,"price_kg, import_usd",묶음 전체 제거,,0.04525,0.00011,0.1434,-0.00011,0.0041,유지
수산물,1,0.9,0.93,"wx_rain, wx_rain_1h_max",wx_rain 만 남김,0.15,0.06149,0.00019,0.0335,0.00067,-0.0209,나빠짐
수산물,1,0.9,0.93,"wx_rain, wx_rain_1h_max",wx_rain_1h_max 만 남김,0.1,0.06145,0.00063,0.0346,0.00063,-0.0199,유지
수산물,1,0.9,0.93,"wx_rain, wx_rain_1h_max",묶음 전체 제거,,0.06158,0.00025,0.0306,0.00076,-0.0239,나빠짐
수산물,2,0.9,0.94,"farmitem_do_s, farmitem_do_b",farmitem_do_b 만 남김,2.15,0.06156,0.0004,0.0313,0.00074,-0.0232,유지
수산물,2,0.9,0.94,"farmitem_do_s, farmitem_do_b",farmitem_do_s 만 남김,0.13,0.05999,0.00052,0.0801,-0.00083,0.0256,유지
수산물,2,0.9,0.94,"farmitem_do_s, farmitem_do_b",묶음 전체 제거,,0.06058,0.00031,0.0618,-0.00024,0.0073,유지
수산물,3,0.9,0.99,"farmitem_temp_s, farmitem_temp_b",farmitem_temp_s 만 남김,0.24,0.06128,0.00022,0.0401,0.00046,-0.0143,유지
수산물,3,0.9,0.99,"farmitem_temp_s, farmitem_temp_b",farmitem_temp_b 만 남김,0.03,0.06162,0.00047,0.0294,0.0008,-0.0251,유지
수산물,3,0.9,0.99,"farmitem_temp_s, farmitem_temp_b",묶음 전체 제거,,0.06146,0.00012,0.0345,0.00064,-0.0199,나빠짐
수산물,4,0.9,0.91,"farm_temp_s, farm_temp_b, farm_do_b",farm_do_b 만 남김,0.81,0.06161,0.00044,0.0295,0.0008,-0.0249,유지
수산물,4,0.9,0.91,"farm_temp_s, farm_temp_b, farm_do_b",farm_temp_s 만 남김,0.56,0.0612,9e-05,0.0426,0.00038,-0.0119,유지
수산물,4,0.9,0.91,"farm_temp_s, farm_temp_b, farm_do_b",farm_temp_b 만 남김,0.4,0.06149,0.00012,0.0334,0.00068,-0.0211,나빠짐
수산물,4,0.9,0.91,"farm_temp_s, farm_temp_b, farm_do_b",묶음 전체 제거,,0.06092,0.00024,0.0514,0.0001,-0.0031,유지
수산물,5,0.9,0.94,"wx_wind_avg, wx_wind_gust",wx_wind_avg 만 남김,0.09,0.06116,0.00021,0.0439,0.00034,-0.0106,유지
수산물,5,0.9,0.94,"wx_wind_avg, wx_wind_gust",wx_wind_gust 만 남김,0.08,0.0612,0.00038,0.0425,0.00038,-0.012,유지
수산물,5,0.9,0.94,"wx_wind_avg, wx_wind_gust",묶음 전체 제거,,0.06112,0.00063,0.0449,0.00031,-0.0096,유지
수산물,6,0.9,1.0,"impidx_냉동수산물, impidx_냉동건조수산물",impidx_냉동수산물 만 남김,0.49,0.06103,4e-05,0.048,0.00021,-0.0065,유지
수산물,6,0.9,1.0,"impidx_냉동수산물, impidx_냉동건조수산물",impidx_냉동건조수산물 만 남김,0.12,0.06103,4e-05,0.048,0.00021,-0.0065,유지
수산물,6,0.9,1.0,"impidx_냉동수산물, impidx_냉동건조수산물",묶음 전체 제거,,0.06146,0.00075,0.0344,0.00064,-0.02,유지
수산물,7,0.9,0.97,"redtide_reports, redtide_areas",redtide_reports 만 남김,0.03,0.06133,0.00048,0.0384,0.00051,-0.0161,유지
수산물,7,0.9,0.97,"redtide_reports, redtide_areas",redtide_areas 만 남김,0.01,0.06144,0.0003,0.0351,0.00062,-0.0194,유지
수산물,7,0.9,0.97,"redtide_reports, redtide_areas",묶음 전체 제거,,0.06144,0.00017,0.0351,0.00062,-0.0194,나빠짐
수산물,8,0.9,0.95,"wx_temp_avg, wx_temp_max, wx_temp_min, wx_ground_temp",wx_temp_avg 만 남김,0.44,0.06099,0.0002,0.0491,0.00017,-0.0054,유지
수산물,8,0.9,0.95,"wx_temp_avg, wx_temp_max, wx_temp_min, wx_ground_temp",wx_ground_temp 만 남김,0.44,0.06118,0.00014,0.0433,0.00036,-0.0112,유지
수산물,8,0.9,0.95,"wx_temp_avg, wx_temp_max, wx_temp_min, wx_ground_temp",wx_temp_min 만 남김,0.4,0.06099,0.0003,0.0491,0.00017,-0.0054,유지
수산물,8,0.9,0.95,"wx_temp_avg, wx_temp_max, wx_temp_min, wx_ground_temp",wx_temp_max 만 남김,0.18,0.06107,0.0004,0.0465,0.00026,-0.008,유지
수산물,8,0.9,0.95,"wx_temp_avg, wx_temp_max, wx_temp_min, wx_ground_temp",묶음 전체 제거,,0.0611,0.00058,0.0456,0.00028,-0.0088,유지
수산물,9,0.9,0.93,"sea_temp_east, sea_temp_south, sea_temp_west, buoy_temp_max, coast_temp_avg",sea_temp_west 만 남김,0.66,0.06096,0.00065,0.05,0.00014,-0.0044,유지
수산물,9,0.9,0.93,"sea_temp_east, sea_temp_south, sea_temp_west, buoy_temp_max, coast_temp_avg",coast_temp_avg 만 남김,0.57,0.06099,0.00051,0.049,0.00018,-0.0055,유지
수산물,9,0.9,0.93,"sea_temp_east, sea_temp_south, sea_temp_west, buoy_temp_max, coast_temp_avg",sea_temp_east 만 남김,0.51,0.06096,0.00035,0.0502,0.00014,-0.0043,유지
수산물,9,0.9,0.93,"sea_temp_east, sea_temp_south, sea_temp_west, buoy_temp_max, coast_temp_avg",sea_temp_south 만 남김,0.5,0.0609,0.00012,0.052,8e-05,-0.0025,유지
수산물,9,0.9,0.93,"sea_temp_east, sea_temp_south, sea_temp_west, buoy_temp_max, coast_temp_avg",buoy_temp_max 만 남김,0.33,0.06088,0.00035,0.0527,6e-05,-0.0018,유지
수산물,9,0.9,0.93,"sea_temp_east, sea_temp_south, sea_temp_west, buoy_temp_max, coast_temp_avg",묶음 전체 제거,,0.0615,0.00037,0.033,0.00068,-0.0214,유지
수산물,10,0.9,0.98,"whsl_price_kg, mafra_whsl_price_kg",whsl_price_kg 만 남김,1.56,0.06137,0.00047,0.0372,0.00055,-0.0173,유지
수산물,10,0.9,0.98,"whsl_price_kg, mafra_whsl_price_kg",mafra_whsl_price_kg 만 남김,1.38,0.06123,0.00027,0.0415,0.00042,-0.013,유지
수산물,10,0.9,0.98,"whsl_price_kg, mafra_whsl_price_kg",묶음 전체 제거,,0.06188,0.00035,0.0211,0.00106,-0.0334,나빠짐
수산물,11,0.9,1.0,"closed_season, closed_window",closed_season 만 남김,0.09,0.06107,0.00038,0.0465,0.00026,-0.008,유지
수산물,11,0.9,1.0,"closed_season, closed_window",closed_window 만 남김,0.03,0.06139,0.00047,0.0366,0.00057,-0.0179,유지
수산물,11,0.9,1.0,"closed_season, closed_window",묶음 전체 제거,,0.06132,0.00021,0.0388,0.0005,-0.0157,유지
수산물,12,0.9,0.96,"fuel_보통휘발유, fuel_자동차용_경유",fuel_보통휘발유 만 남김,0.91,0.06166,0.00038,0.028,0.00085,-0.0265,유지
수산물,12,0.9,0.96,"fuel_보통휘발유, fuel_자동차용_경유",fuel_자동차용_경유 만 남김,0.51,0.06147,0.00084,0.0338,0.00066,-0.0207,유지
수산물,12,0.9,0.96,"fuel_보통휘발유, fuel_자동차용_경유",묶음 전체 제거,,0.06163,0.0003,0.0289,0.00082,-0.0255,나빠짐
수산물,13,0.9,0.97,"cpi_총지수, cpi_식료품",cpi_식료품 만 남김,2.76,0.06121,0.00028,0.0421,0.0004,-0.0124,유지
수산물,13,0.9,0.97,"cpi_총지수, cpi_식료품",cpi_총지수 만 남김,1.97,0.06094,0.00049,0.0506,0.00012,-0.0039,유지
수산물,13,0.9,0.97,"cpi_총지수, cpi_식료품",묶음 전체 제거,,0.0606,0.00023,0.0613,-0.00022,0.0068,유지
수산물,14,0.9,1.0,"impidx_수산가공품, impidx_수산물가공품",impidx_수산가공품 만 남김,1.29,0.06136,0.00023,0.0375,0.00054,-0.017,유지
수산물,14,0.9,1.0,"impidx_수산가공품, impidx_수산물가공품",impidx_수산물가공품 만 남김,0.38,0.06136,0.00023,0.0375,0.00054,-0.017,유지
수산물,14,0.9,1.0,"impidx_수산가공품, impidx_수산물가공품",묶음 전체 제거,,0.06149,0.0004,0.0333,0.00068,-0.0212,유지
수산물,15,0.8,0.8,"wx_sunshine_hr, wx_solar_rad",wx_solar_rad 만 남김,0.14,0.06145,0.00015,0.0348,0.00063,-0.0197,나빠짐
수산물,15,0.8,0.8,"wx_sunshine_hr, wx_solar_rad",wx_sunshine_hr 만 남김,0.12,0.06121,0.00018,0.0424,0.00039,-0.0121,유지
수산물,15,0.8,0.8,"wx_sunshine_hr, wx_solar_rad",묶음 전체 제거,,0.06162,0.00021,0.0293,0.0008,-0.0252,나빠짐
수산물,16,0.8,0.81,"farm_temp_s, farm_temp_b, farm_do_s, farm_do_b, farmitem_temp_s, farmitem_temp_b",farm_do_s 만 남김,1.17,0.06148,0.00054,0.0337,0.00066,-0.0208,유지
수산물,16,0.8,0.81,"farm_temp_s, farm_temp_b, farm_do_s, farm_do_b, farmitem_temp_s, farmitem_temp_b",farm_do_b 만 남김,0.81,0.06143,8e-05,0.0355,0.00061,-0.019,나빠짐
수산물,16,0.8,0.81,"farm_temp_s, farm_temp_b, farm_do_s, farm_do_b, farmitem_temp_s, farmitem_temp_b",farm_temp_s 만 남김,0.56,0.06158,0.00055,0.0306,0.00076,-0.0239,유지
수산물,16,0.8,0.81,"farm_temp_s, farm_temp_b, farm_do_s, farm_do_b, farmitem_temp_s, farmitem_temp_b",farm_temp_b 만 남김,0.4,0.062,0.00024,0.0175,0.00118,-0.037,나빠짐
수산물,16,0.8,0.81,"farm_temp_s, farm_temp_b, farm_do_s, farm_do_b, farmitem_temp_s, farmitem_temp_b",farmitem_temp_s 만 남김,0.24,0.06177,0.00049,0.0245,0.00096,-0.03,유지
수산물,16,0.8,0.81,"farm_temp_s, farm_temp_b, farm_do_s, farm_do_b, farmitem_temp_s, farmitem_temp_b",farmitem_temp_b 만 남김,0.03,0.06197,0.00076,0.0183,0.00115,-0.0362,유지
수산물,16,0.8,0.81,"farm_temp_s, farm_temp_b, farm_do_s, farm_do_b, farmitem_temp_s, farmitem_temp_b",묶음 전체 제거,,0.06143,0.00013,0.0355,0.00061,-0.019,나빠짐
수산물,17,0.8,0.88,"impidx_수산물, impidx_냉동수산물, impidx_냉동건조수산물",impidx_수산물 만 남김,0.5,0.06146,0.00075,0.0344,0.00064,-0.02,유지
수산물,17,0.8,0.88,"impidx_수산물, impidx_냉동수산물, impidx_냉동건조수산물",impidx_냉동수산물 만 남김,0.49,0.06115,0.00028,0.044,0.00034,-0.0105,유지
수산물,17,0.8,0.88,"impidx_수산물, impidx_냉동수산물, impidx_냉동건조수산물",impidx_냉동건조수산물 만 남김,0.12,0.06115,0.00028,0.044,0.00034,-0.0105,유지
수산물,17,0.8,0.88,"impidx_수산물, impidx_냉동수산물, impidx_냉동건조수산물",묶음 전체 제거,,0.06123,0.00039,0.0416,0.00041,-0.0129,유지
수산물,18,0.8,0.88,"price_kg, whsl_price_kg, mafra_whsl_price_kg",price_kg 만 남김,8.43,0.06188,0.00035,0.0211,0.00106,-0.0334,나빠짐
수산물,18,0.8,0.88,"price_kg, whsl_price_kg, mafra_whsl_price_kg",whsl_price_kg 만 남김,1.56,0.061,0.00023,0.0488,0.00018,-0.0057,유지
수산물,18,0.8,0.88,"price_kg, whsl_price_kg, mafra_whsl_price_kg",mafra_whsl_price_kg 만 남김,1.38,0.06048,0.00036,0.0649,-0.00034,0.0104,유지
수산물,18,0.8,0.88,"price_kg, whsl_price_kg, mafra_whsl_price_kg",묶음 전체 제거,,0.06069,0.00021,0.0585,-0.00013,0.0041,유지
수산물,19,0.8,0.88,"import_kg, import_usd",import_kg 만 남김,1.75,0.06139,0.00039,0.0367,0.00057,-0.0178,유지
수산물,19,0.8,0.88,"import_kg, import_usd",import_usd 만 남김,0.79,0.06174,0.00019,0.0257,0.00092,-0.0288,나빠짐
수산물,19,0.8,0.88,"import_kg, import_usd",묶음 전체 제거,,0.06167,0.00022,0.0279,0.00085,-0.0266,나빠짐
수산물,20,0.8,0.89,"intl_원유_Brent, fuel_보통휘발유, fuel_자동차용_경유",fuel_보통휘발유 만 남김,0.91,0.06133,0.00013,0.0386,0.00051,-0.0158,나빠짐
수산물,20,0.8,0.89,"intl_원유_Brent, fuel_보통휘발유, fuel_자동차용_경유",intl_원유_Brent 만 남김,0.68,0.06163,0.0003,0.0289,0.00082,-0.0255,나빠짐
수산물,20,0.8,0.89,"intl_원유_Brent, fuel_보통휘발유, fuel_자동차용_경유",fuel_자동차용_경유 만 남김,0.51,0.06118,0.00038,0.0433,0.00036,-0.0112,유지
수산물,20,0.8,0.89,"intl_원유_Brent, fuel_보통휘발유, fuel_자동차용_경유",묶음 전체 제거,,0.06077,9e-05,0.0561,-5e-05,0.0016,유지
