분야,평가 대상,모델,RMSE,MAE,R2
농산물,지역 테스트 행,베이스라인 1 (오늘 가격 = 향후 4주 평균),0.1626,0.098,0.0662
농산물,지역 테스트 행,통합 모델 · XGBoost,0.1322,0.086,0.3824
농산물,지역 테스트 행,통합 모델 · LightGBM,0.1322,0.086,0.3826
농산물,전국 테스트 행,베이스라인 1 (오늘 가격 = 향후 4주 평균),0.1592,0.0943,0.1099
농산물,전국 테스트 행,통합 모델 · XGBoost,0.1293,0.0819,0.4123
농산물,전국 테스트 행,통합 모델 · LightGBM,0.1297,0.0821,0.4089
축산물,지역 테스트 행,베이스라인 1 (오늘 가격 = 향후 4주 평균),0.0718,0.0435,-0.1283
축산물,지역 테스트 행,통합 모델 · XGBoost,0.0621,0.0407,0.1556
축산물,지역 테스트 행,통합 모델 · LightGBM,0.0628,0.041,0.1367
축산물,전국 테스트 행,베이스라인 1 (오늘 가격 = 향후 4주 평균),0.0525,0.0335,-0.152
축산물,전국 테스트 행,통합 모델 · XGBoost,0.0455,0.0312,0.1339
축산물,전국 테스트 행,통합 모델 · LightGBM,0.0464,0.0314,0.0994
수산물,지역 테스트 행,베이스라인 1 (오늘 가격 = 향후 4주 평균),0.0996,0.0509,-0.0989
수산물,지역 테스트 행,통합 모델 · XGBoost,0.09,0.0554,0.1024
수산물,지역 테스트 행,통합 모델 · LightGBM,0.0864,0.0533,0.1728
수산물,전국 테스트 행,베이스라인 1 (오늘 가격 = 향후 4주 평균),0.0647,0.0369,-0.0716
수산물,전국 테스트 행,통합 모델 · XGBoost,0.0628,0.0401,-0.0076
수산물,전국 테스트 행,통합 모델 · LightGBM,0.0585,0.0373,0.1245
