분야,후보,피처 수,RMSE,±,R²,묶은 피처 (제거됐던 것 포함),현재 사용 중,상관(ρ),ΔRMSE,잡음(2σ),판정,새 피처 SHAP %,원래 SHAP 합 %
농산물,현재,38,0.12588,0.00044,0.44318,,,,,,,,
농산물,기온 (전국+주산지),38,0.12564,0.00013,0.44527,"wx_temp_avg, prodarea_temp_avg",wx_temp_avg,1.00~1.00,-0.00024,0.00092,압축 가능,4.73902,4.30266
농산물,강수 (전국+주산지),38,0.125,0.00043,0.45097,"wx_rain, prodarea_rain",wx_rain,0.98~0.98,-0.00088,0.00123,압축 가능,0.60354,0.62603
농산물,일조 (일사량+일조시간+주산지 일조),38,0.12627,0.0002,0.4397,"wx_solar_rad, wx_sunshine_hr, prodarea_sunshine_hr",wx_solar_rad,0.80~0.98,0.00039,0.00097,압축 가능,0.27881,0.52602
농산물,바람 (순간최대+평균+주산지 평균),38,0.12596,0.00055,0.44247,"wx_wind_gust, wx_wind_avg, prodarea_wind_avg",wx_wind_gust,0.85~0.94,8e-05,0.00141,압축 가능,0.02608,0.03302
농산물,국제 곡물가 (옥수수+대두+밀),38,0.12508,0.00028,0.4502,"intl_옥수수, intl_대두, intl_소맥",intl_옥수수,0.47~0.77,-0.0008,0.00105,압축 가능,0.31044,0.73494
농산물,수입물가 곡물 계열,37,0.12607,0.00012,0.44147,"impidx_곡류, impidx_맥류및잡곡, impidx_곡물및식량작물, impidx_콩류","impidx_곡류, impidx_콩류",0.36~0.99,0.00019,0.00092,압축 가능,1.07819,2.07639
농산물,수입물가 과일·채소 계열,37,0.12595,0.00036,0.44261,"impidx_과일, impidx_채소및과실, impidx_과실및채소가공품","impidx_과일, impidx_과실및채소가공품",0.20~1.00,6e-05,0.00114,압축 가능,1.9778,4.4262
축산물,현재,29,0.0455,6e-05,0.13389,,,,,,,,
축산물,수입 육류 물가,28,0.04531,8e-05,0.14131,"impidx_도축육, impidx_가금육","impidx_도축육, impidx_가금육",0.88~0.88,-0.0002,0.00019,압축 가능,0.58402,1.28965
축산물,돼지 경락가 3종 (탕박+박피+대표),29,0.04539,0.00024,0.13836,"pig_auction_price_kg, pig_auction_skinned_kg, pig_auction_rep_kg",pig_auction_price_kg,0.45~1.00,-0.00012,0.00049,압축 가능,1.08394,1.94871
축산물,사료 곡물가 (옥수수+대두+밀),29,0.0454,0.0001,0.13771,"intl_옥수수, intl_대두, intl_소맥",intl_옥수수,0.87~0.94,-0.0001,0.00022,압축 가능,0.89732,1.14468
축산물,유가 (브렌트유+휘발유+경유+등유),29,0.0457,0.00018,0.12632,"intl_원유_Brent, fuel_보통휘발유, fuel_자동차용_경유, fuel_실내등유",intl_원유_Brent,0.76~0.98,0.0002,0.00038,압축 가능,1.46942,1.07917
수산물,현재,43,0.05886,0.00022,0.11429,,,,,,,,
수산물,연근해 수온 (동·남·서해+연안),42,0.05848,0.00034,0.12576,"sea_temp_east, sea_temp_south, sea_temp_west, coast_temp_avg","sea_temp_east, sea_temp_west",0.94~0.98,-0.00038,0.0008,압축 가능,0.87308,1.52881
수산물,양식장 영양염 (질소+인),42,0.05869,0.00029,0.11964,"farm_din_s, farm_dip_s","farm_din_s, farm_dip_s",0.78~0.78,-0.00018,0.00072,압축 가능,0.71808,1.2724
수산물,양식장 수온 (표층+저층),43,0.05913,0.00012,0.10637,"farm_temp_s, farm_temp_b",farm_temp_s,0.98~0.98,0.00026,0.0005,압축 가능,0.93397,1.07276
수산물,양식장 용존산소 (표층+저층),43,0.05917,0.00023,0.10512,"farm_do_s, farm_do_b",farm_do_s,0.91~0.91,0.0003,0.00063,압축 가능,1.62243,2.14832
수산물,양식장 수질 8종 (품목 어장 값 우선),43,0.05911,0.00017,0.107,"farm_temp_s, farm_sal_s, farm_do_s, farm_cod_s, farm_din_s, farm_dip_s, farm_chl_s, farm_ss_s, farmitem_temp_s, farmitem_sal_s, farmitem_do_s, farmitem_cod_s, farmitem_din_s, farmitem_dip_s, farmitem_chl_s, farmitem_ss_s","farm_temp_s, farm_sal_s, farm_do_s, farm_cod_s, farm_din_s, farm_dip_s, farm_chl_s, farm_ss_s",평균 0.64,0.00024,0.00055,압축 가능,8.8055,7.62819
수산물,수입물가 수산 가공품 (수산가공품+수산물가공품),43,0.05887,0.0005,0.11416,"impidx_수산가공품, impidx_수산물가공품",impidx_수산가공품,1.00~1.00,0.0,0.00108,압축 가능,2.23719,2.31954
수산물,수입물가 냉동 (냉동수산물+냉동건조수산물),43,0.05886,0.00022,0.11429,"impidx_냉동수산물, impidx_냉동건조수산물",impidx_냉동수산물,1.00~1.00,0.0,0.00061,압축 가능,0.72464,0.72464
