분야,모델,RMSE,MAE,R2,방향정확도,3구간정확도,상승재현율
농산물,베이스라인 1 (오늘 가격 유지),0.1623,0.0977,0.0702,0.4586,0.5061,0.3557
농산물,베이스라인 0 (변화 없음 = 0),0.1693,0.1032,-0.0122,0.0,0.2963,0.0
농산물,LightGBM 기본 피처,0.1283,0.0837,0.4186,0.7455,0.6225,0.6624
농산물,참고: |y|>2% 행 비율 / 상승 비율,0.704,0.363,,,,
축산물,베이스라인 1 (오늘 가격 유지),0.0707,0.0429,-0.129,0.5141,0.489,0.2928
축산물,베이스라인 0 (변화 없음 = 0),0.0666,0.0414,-0.0015,0.0,0.4144,0.0
축산물,LightGBM 기본 피처,0.0615,0.0402,0.1463,0.6839,0.5003,0.4908
축산물,참고: |y|>2% 행 비율 / 상승 비율,0.586,0.288,,,,
수산물,베이스라인 1 (오늘 가격 유지),0.0973,0.0498,-0.0978,0.3254,0.6084,0.2768
수산물,베이스라인 0 (변화 없음 = 0),0.0932,0.0487,-0.0064,0.0,0.5209,0.0
수산물,LightGBM 기본 피처,0.085,0.0527,0.162,0.6877,0.5556,0.5386
수산물,참고: |y|>2% 행 비율 / 상승 비율,0.479,0.249,,,,
