분야,방법,표시 비율,방향 정확도(|y|>2%)
축산물,회귀(최종) |ŷ|≥2%,0.452,0.789
축산물,회귀(최종) |ŷ|≥5%,0.133,0.866
축산물,"분류 max(P오름,P내림)≥0.4",0.482,0.771
축산물,"분류 max(P오름,P내림)≥0.5",0.357,0.8
축산물,"분류 max(P오름,P내림)≥0.6",0.257,0.825
축산물,"분류 max(P오름,P내림)≥0.7",0.176,0.847
축산물,분류 3구간 정확도 (argmax),1.0,0.513
축산물,회귀 3구간 정확도,1.0,0.514
수산물,회귀(최종) |ŷ|≥2%,0.399,0.778
수산물,회귀(최종) |ŷ|≥5%,0.17,0.839
수산물,"분류 max(P오름,P내림)≥0.4",0.424,0.751
수산물,"분류 max(P오름,P내림)≥0.5",0.313,0.785
수산물,"분류 max(P오름,P내림)≥0.6",0.219,0.821
수산물,"분류 max(P오름,P내림)≥0.7",0.137,0.854
수산물,분류 3구간 정확도 (argmax),1.0,0.658
수산물,회귀 3구간 정확도,1.0,0.602
농산물,회귀(최종) |ŷ|≥2%,0.666,0.806
농산물,회귀(최종) |ŷ|≥5%,0.453,0.852
농산물,"분류 max(P오름,P내림)≥0.4",0.71,0.782
농산물,"분류 max(P오름,P내림)≥0.5",0.597,0.811
농산물,"분류 max(P오름,P내림)≥0.6",0.474,0.846
농산물,"분류 max(P오름,P내림)≥0.7",0.356,0.88
농산물,분류 3구간 정확도 (argmax),1.0,0.672
농산물,회귀 3구간 정확도,1.0,0.631
