분야,feature,한글명,기대 방향,SHAP %,방향 ρ,대상 행 %,추세 ρ,판정,비고
농산물,item_cd,품목코드,범주,8.29,,,,,
농산물,se_nm,소매/중도매,범주,0.84,,,,,
농산물,food_group,식재료 계열,범주,0.43,,,,,
농산물,dev_last,오늘 가격/7일 평균,+,8.27,0.93,100.0,-0.0,일치,
농산물,yoy,전년 대비,−,5.81,-0.96,100.0,0.19,일치,
농산물,r91,13주 변화율,−,4.3,-0.94,100.0,0.03,일치,
농산물,ly_change,작년 같은 시기 변화율,+,3.58,0.93,100.0,0.04,일치,
농산물,days_to_seollal,설까지 남은 일수,조건부,2.96,-0.64,100.0,-0.06,조건부 (방향 판정 제외),
농산물,r28,4주 변화율,+,2.94,-0.92,100.0,0.01,반대,
농산물,grp_r28,같은 계열 4주 변화율,+,2.13,0.87,100.0,-0.0,일치,
농산물,days_to_chuseok,추석까지 남은 일수,조건부,1.87,-0.41,100.0,0.01,조건부 (방향 판정 제외),
농산물,r7,1주 변화율,+,1.79,-0.81,100.0,-0.0,반대,
농산물,woy,주차,조건부,1.13,0.54,100.0,0.12,조건부 (방향 판정 제외),
농산물,n_obs28,28일 조사일 수,조건부,0.69,-0.61,100.0,-0.02,조건부 (방향 판정 제외),
농산물,vol28,28일 변동성,조건부,0.7,0.54,100.0,0.39,조건부 (방향 판정 제외),
농산물,price_kg,오늘 가격(원/kg),−,6.86,-0.71,100.0,0.8,일치,
농산물,garak_price_kg,가락 정산가,+,3.46,0.75,100.0,0.38,일치,
농산물,garak_n_trades,가락 정산 건수,−,0.98,-0.42,100.0,0.06,일치,
농산물,export_kg,수출량,+,0.93,0.44,100.0,0.04,일치,
농산물,import_kg,수입량,−,0.92,0.18,100.0,-0.06,반대,
농산물,whsl_price_kg,aT 중도매가,+,0.75,0.36,100.0,0.71,일치,
농산물,garak_top_origin_share,가락 주산지 반입 비중,조건부,0.67,0.45,100.0,0.74,조건부 (방향 판정 제외),
농산물,wx_temp_avg_nat_prod,평균기온 (전국·주산지),조건부,4.14,0.62,100.0,0.07,조건부 (방향 판정 제외),
농산물,wx_rain_nat_prod,강수량 (전국·주산지),+,0.64,0.8,100.0,0.02,일치,
농산물,wx_gust20_station_share_14d,강풍 관측소 비율 (최근 14일 최대),+,0.48,-0.0,100.0,-0.02,방향 없음,
농산물,wx_sun_solar_hr_nat_prod,"일조 지수 (일사량·일조시간, 전국·주산지)",−,0.21,-0.73,100.0,0.0,일치,
농산물,cpi_item,품목 소비자물가,−,6.26,-0.8,100.0,0.7,일치,
농산물,impidx_과실및채소가공품,수입물가 과실및채소가공품,+,3.26,-0.16,85.0,0.24,반대,
농산물,usd_krw,원/달러 환율,+,2.12,-0.71,100.0,0.43,반대,
농산물,impidx_농산물,수입물가 농산물,+,1.06,-0.01,100.0,0.68,방향 없음,
농산물,fuel_휘발유경유등유,유가 지수 (휘발유·경유·등유),+,0.79,-0.03,100.0,0.58,방향 없음,
농산물,impidx_item_matched,품목 대응 수입물가,+,0.26,-0.37,26.0,0.71,반대,
농산물,premium,지역 프리미엄,−,5.39,-0.97,100.0,-0.23,일치,
농산물,nat_dev_last,전국 오늘 가격/7일 평균,+,5.12,0.95,100.0,-0.0,일치,
농산물,nat_ly_change,전국 작년 같은 시기 변화율,+,4.21,0.93,100.0,0.05,일치,
농산물,nat_yoy,전국 전년 대비,−,1.44,-0.9,100.0,0.19,일치,
농산물,sgg_nm,지역,범주,1.32,,,,,
농산물,nat_r7,전국 1주 변화율,+,1.11,0.91,100.0,-0.0,일치,
농산물,nat_r91,전국 13주 변화율,−,0.85,-0.55,100.0,0.03,일치,
농산물,nat_r28,전국 4주 변화율,+,0.59,0.59,100.0,0.01,일치,
농산물,nat_vol28,전국 28일 변동성,조건부,0.43,0.19,100.0,0.48,조건부 (방향 판정 제외),
축산물,item_cd,품목코드,범주,3.56,,,,,
축산물,dev_last,오늘 가격/7일 평균,+,14.78,0.95,100.0,-0.05,일치,
축산물,r91,13주 변화율,−,6.45,-0.92,100.0,0.06,일치,
축산물,ly_change,작년 같은 시기 변화율,+,2.76,-0.71,100.0,0.01,반대,
축산물,vol28,28일 변동성,조건부,3.02,-0.33,100.0,-0.19,조건부 (방향 판정 제외),
축산물,r7,1주 변화율,+,2.55,-0.87,100.0,-0.03,반대,
축산물,grp_r28,같은 계열 4주 변화율,+,1.89,-0.28,100.0,-0.15,반대,
축산물,yoy,전년 대비,−,2.07,-0.44,100.0,0.28,일치,
축산물,r28,4주 변화율,−,2.1,-0.84,100.0,0.0,일치,
축산물,days_to_seollal,설까지 남은 일수,조건부,1.86,0.31,100.0,-0.14,조건부 (방향 판정 제외),
축산물,woy,주차,조건부,1.26,-0.2,100.0,0.17,조건부 (방향 판정 제외),
축산물,days_to_chuseok,추석까지 남은 일수,조건부,1.67,0.37,100.0,0.02,조건부 (방향 판정 제외),
축산물,n_obs28,28일 조사일 수,조건부,0.32,0.02,100.0,0.36,조건부 (방향 판정 제외),
축산물,price_kg,오늘 가격(원/kg),−,5.83,-0.27,100.0,0.11,일치,
축산물,import_kg,수입량,−,2.36,0.52,100.0,-0.31,반대,
축산물,census_heads,사육 두수,−,2.01,-0.42,100.0,0.5,일치,
축산물,stock_ton,축산물 재고,−,1.75,-0.03,100.0,-0.67,방향 없음,
축산물,auction_price_kg,소·돼지 경락가,+,1.18,-0.03,100.0,0.72,방향 없음,
축산물,auction_heads,소·돼지 경락 두수,−,1.42,-0.23,100.0,-0.69,일치,
축산물,export_kg,수출량,+,1.09,-0.4,100.0,0.63,반대,
축산물,disease_item_cases_28d,품목 감염병 발생 건수 (최근 28일),+,0.93,0.2,100.0,0.23,일치,
축산물,pig_auction_price_kg,돼지 경락가(탕박),+,0.62,0.39,16.0,0.4,일치,
축산물,wx_temp_max,최고기온,+,0.53,-0.12,100.0,0.1,반대,
축산물,impidx_도축육_가금육,수입물가 육류 (도축육·가금육),+,0.24,-0.33,100.0,0.68,반대,
축산물,intl_사료곡물_옥수수대두밀,국제 사료곡물 지수 (옥수수·대두·밀),+,0.97,-0.36,100.0,0.71,반대,
축산물,usd_krw,원/달러 환율,+,0.87,0.48,100.0,0.44,일치,
축산물,cpi_식료품,소비자물가 식료품,−,0.52,0.2,100.0,0.95,반대,추세형 (시간 변수 의심)
축산물,fuel_휘발유경유등유,유가 지수 (휘발유·경유·등유),+,0.45,0.0,100.0,0.58,방향 없음,
축산물,premium,지역 프리미엄,−,9.69,-0.95,100.0,0.33,일치,
축산물,nat_r91,전국 13주 변화율,−,5.03,-0.83,100.0,0.07,일치,
축산물,sgg_nm,지역,범주,4.41,,,,,
축산물,nat_vol28,전국 28일 변동성,조건부,4.26,0.27,100.0,-0.35,조건부 (방향 판정 제외),
축산물,nat_yoy,전국 전년 대비,−,2.91,-0.8,100.0,0.28,일치,
축산물,nat_r28,전국 4주 변화율,−,2.77,-0.84,100.0,0.01,일치,
축산물,nat_r7,전국 1주 변화율,+,3.11,-0.82,100.0,-0.03,반대,
축산물,nat_dev_last,전국 오늘 가격/7일 평균,+,1.63,-0.12,100.0,-0.04,반대,
축산물,nat_ly_change,전국 작년 같은 시기 변화율,+,1.13,0.2,100.0,0.01,일치,
수산물,item_cd,품목코드,범주,4.95,,,,,
수산물,food_group,식재료 계열,범주,1.14,,,,,
수산물,se_nm,소매/중도매,범주,0.9,,,,,
수산물,dev_last,오늘 가격/7일 평균,+,10.27,0.64,100.0,-0.0,일치,
수산물,r7,1주 변화율,+,6.08,-0.73,100.0,-0.01,반대,
수산물,r28,4주 변화율,조건부,5.79,-0.76,100.0,-0.09,조건부 (방향 판정 제외),
수산물,yoy,전년 대비,−,5.13,-0.93,100.0,-0.19,일치,
수산물,r91,13주 변화율,−,3.9,-0.8,100.0,-0.27,일치,
수산물,ly_change,작년 같은 시기 변화율,+,1.81,0.71,100.0,0.04,일치,
수산물,vol28,28일 변동성,조건부,1.37,0.11,100.0,-0.09,조건부 (방향 판정 제외),
수산물,days_to_chuseok,추석까지 남은 일수,조건부,1.06,0.54,100.0,0.01,조건부 (방향 판정 제외),
수산물,n_obs28,28일 조사일 수,조건부,1.03,-0.72,100.0,-0.1,조건부 (방향 판정 제외),
수산물,woy,주차,조건부,0.85,0.35,100.0,0.12,조건부 (방향 판정 제외),
수산물,days_to_seollal,설까지 남은 일수,조건부,0.77,-0.4,100.0,-0.06,조건부 (방향 판정 제외),
수산물,grp_r28,같은 계열 4주 변화율,+,0.51,-0.14,100.0,-0.09,반대,
수산물,price_kg,오늘 가격(원/kg),−,8.28,-0.66,100.0,0.96,일치,추세형 (시간 변수 의심)
수산물,whsl_price_kg,aT 중도매가,+,1.9,0.06,100.0,0.9,방향 없음,추세형 (시간 변수 의심)
수산물,catch_value_kkrw,어업 생산금액,+,1.38,0.29,100.0,0.07,일치,
수산물,catch_ton,어업 생산량,−,1.45,-0.16,100.0,-0.11,일치,
수산물,export_kg,수출량,+,1.24,0.03,100.0,0.15,방향 없음,
수산물,mafra_whsl_price_kg,MAFRA 도매시장 가격,+,1.4,0.14,100.0,0.54,일치,
수산물,import_kg,수입량,−,0.95,0.11,100.0,-0.02,반대,
수산물,days_to_closed_start,금어기까지 남은 일수,−,0.72,-0.1,100.0,0.02,방향 없음,
수산물,sea_temp_east_south_west_coast,연근해 수온 (동·남·서해·연안),조건부,0.93,-0.47,100.0,0.1,조건부 (방향 판정 제외),
수산물,farm_cod_s,어장 COD,+,0.5,0.65,22.0,-0.16,일치,
수산물,farm_temp_s_b,양식장 수온 (표층·저층),조건부,0.6,0.77,22.0,0.06,조건부 (방향 판정 제외),
수산물,farm_do_s_b,양식장 용존산소 (표층·저층),−,0.14,-0.63,22.0,0.03,일치,
수산물,farm_ss_s,어장 부유물질,+,0.39,-0.75,22.0,-0.48,반대,
수산물,farm_din_dip_s,양식장 표층 영양염 (질소·인),−,0.17,-0.63,22.0,-0.18,일치,
수산물,farm_sal_s,어장 표층염분,−,0.07,0.49,22.0,0.0,반대,
수산물,cpi_item,품목 소비자물가,−,4.79,-0.49,100.0,0.92,일치,추세형 (시간 변수 의심)
수산물,fuel_휘발유경유등유,유가 지수 (휘발유·경유·등유),+,1.82,0.14,100.0,0.58,일치,
수산물,usd_krw,원/달러 환율,+,1.46,-0.11,100.0,0.43,반대,
수산물,impidx_item_matched,품목 대응 수입물가,+,1.22,-0.11,100.0,-0.55,반대,
수산물,premium,지역 프리미엄,−,11.43,-0.95,100.0,-0.06,일치,
수산물,sgg_nm,지역,범주,3.35,,,,,
수산물,nat_yoy,전국 전년 대비,−,2.51,-0.68,100.0,-0.31,일치,
수산물,nat_ly_change,전국 작년 같은 시기 변화율,+,1.61,0.63,100.0,0.01,일치,
수산물,nat_vol28,전국 28일 변동성,조건부,1.64,0.16,100.0,0.05,조건부 (방향 판정 제외),
수산물,nat_dev_last,전국 오늘 가격/7일 평균,+,1.5,0.77,100.0,-0.01,일치,
수산물,nat_r91,전국 13주 변화율,−,1.18,0.21,100.0,-0.23,반대,
수산물,nat_r7,전국 1주 변화율,+,1.1,-0.5,100.0,-0.02,반대,
수산물,nat_r28,전국 4주 변화율,조건부,0.73,-0.19,100.0,-0.06,조건부 (방향 판정 제외),
