item_nm,행,SSE비중,y분산,R2,공통 상한 R²
갈치,32154,17.44959316864834,0.014738966924628226,0.26546552621800745,0.2827782135283057
천일염,10726,13.329214525074848,0.02812557168035508,0.11850202240918795,0.1316131591375056
물오징어,25250,12.89635594466041,0.013545531099719224,0.24778461227921744,0.3494844528241672
고등어,30746,12.17259877286281,0.010183189441629612,0.22439534176487963,0.3302909234188901
마른멸치,33428,5.992267073409542,0.004790576742512248,0.25351449275303517,0.24378917449429216
조기,12111,5.6672087630031935,0.013145393714198686,0.2898225275931413,0.38318323175384505
명태,19440,5.503287997051949,0.006585654643758316,0.1424394564821725,0.2945273440215347
전복,11668,4.513382488153848,0.012375329209571254,0.37640646678870116,0.2839217899950627
김,21424,4.335010154050787,0.0028638742937616975,-0.4095201933248165,0.23632028702971153
굴,6010,4.302428772344781,0.023147488298274368,0.3829461959040148,0.6154433822141737
홍합,6657,3.433540434340289,0.01305137494801691,0.211524853693965,0.14599362143716055
새우,12661,3.0320427294430417,0.004697039309471782,-0.017168351501003043,0.11608726504270306
마른미역,14061,1.785680823006133,0.003874080788828083,0.3460188014208012,0.10466121246168492
마른오징어,14010,1.7573313590004838,0.0034688972601303273,0.27860935117482366,0.24519250921143787
새우젓,11058,1.2970748832061396,0.002953678229386257,0.2077176516580549,0.15603358235776033
꽁치,9360,0.9081011845592164,0.0020618860988605753,0.06123790318215405,0.11571366878812372
멸치액젓,11146,0.6746173086482424,0.0017705889070727834,0.3180145802078085,0.3766174419664883
수입조기,7792,0.4795580142531457,0.0015244244568210837,0.19451498888761143,0.05997237909658992
가리비,1133,0.24373872725412912,0.005058739798217611,0.15091495309072145,0.24368922102650026
건다시마,4380,0.1277717298808901,0.0004137394533707493,-0.406851685495353,0.0480085324469518
삼치,394,0.0916068377766956,0.004383509177544803,-0.06078859869313824,0.8288167922845967
북어,2912,0.007588309371088136,6.114440862079468e-05,0.14952510903373162,0.18318975909582824
