피처,구분,결측 %,시작,ρ(y),SHAP %,가장 비슷한 피처,그 ρ
dev_last,공통,0.0,2015-01,0.358,10.87,r7,0.45
price_kg,공통,0.0,2015-01,-0.091,9.73,whsl_price_kg,0.89
item_cd,공통,0.0,2015-01,,8.96,,
ly_change,공통,5.2,2015-12,0.253,8.44,yoy,0.19
yoy,공통,2.8,2015-12,-0.141,8.18,r91,0.35
cpi_item,공통,34.5,2015-02,-0.241,6.61,cpi_식료품,0.43
r91,공통,11.1,2015-04,-0.112,4.78,r28,0.44
wx_temp_min,공통,0.0,2015-01,0.061,3.61,prodarea_temp_min,0.99
woy,공통,0.0,2015-01,0.045,2.42,wx_humidity,0.33
usd_krw,공통,0.0,2015-01,-0.001,2.1,impidx_과실및채소가공품,0.59
r28,공통,5.7,2015-02,0.084,1.45,r7,0.49
se_nm,공통,0.0,2015-01,,1.3,,
r7,공통,2.8,2015-01,0.176,1.26,r28,0.49
cpi_식료품,공통,0.0,2015-02,-0.022,1.25,cpi_총지수,0.97
wx_temp_avg,공통,0.0,2015-01,0.057,1.21,prodarea_temp_avg,1.0
intl_원유_Brent,공통,0.0,2015-02,-0.021,1.13,fuel_자동차용_경유,0.92
n_obs28,공통,0.0,2015-01,0.037,1.08,wx_rain_1h_max,0.16
vol28,공통,2.9,2015-01,-0.007,0.99,garak_n_trades,0.5
import_kg,공통,0.0,2015-02,-0.021,0.82,import_usd,0.97
export_kg,공통,0.0,2015-02,0.041,0.81,garak_n_trades,0.53
import_usd,공통,0.0,2015-02,-0.026,0.74,import_kg,0.97
cpi_총지수,공통,0.0,2015-02,-0.007,0.73,cpi_식료품,0.97
food_group,공통,0.0,2015-01,,0.65,,
wx_ground_temp,공통,0.0,2015-01,0.047,0.54,wx_temp_avg,0.99
wx_solar_rad,공통,0.0,2015-01,-0.046,0.49,wx_sunshine_hr,0.81
intl_천연가스,공통,0.0,2015-02,-0.005,0.48,impidx_기타식용작물,0.79
fuel_보통휘발유,공통,0.0,2015-02,-0.016,0.37,fuel_자동차용_경유,0.96
fuel_자동차용_경유,공통,0.0,2015-02,-0.017,0.33,fuel_보통휘발유,0.96
wx_humidity,공통,0.0,2015-01,0.075,0.27,prodarea_humidity,0.98
fuel_실내등유,공통,0.0,2015-02,-0.026,0.26,fuel_자동차용_경유,0.91
wx_temp_max,공통,0.0,2015-01,0.048,0.17,prodarea_temp_max,1.0
wx_rain,공통,0.0,2015-01,0.076,0.13,prodarea_rain,0.98
dow,공통,0.0,2015-01,0.002,0.08,wx_rain_1h_max,-0.07
wx_wind_avg,공통,0.0,2015-01,-0.012,0.07,wx_wind_gust,0.94
wx_wind_gust,공통,0.0,2015-01,-0.01,0.07,wx_wind_avg,0.94
wx_rain_1h_max,공통,47.7,2015-04,0.105,0.04,wx_rain,0.93
wx_snow_depth,공통,81.2,2015-01,-0.005,0.04,wx_rain_1h_max,-0.76
wx_sunshine_hr,공통,0.0,2015-01,-0.055,0.03,prodarea_sunshine_hr,0.98
garak_price_kg,분야 전용,42.0,2018-01,-0.044,2.68,mafra_whsl_price_kg,0.9
impidx_과실및채소가공품,분야 전용,0.0,2015-02,-0.002,1.92,usd_krw,0.59
garak_qty_kg,분야 전용,36.7,2018-01,-0.026,1.5,garak_amount_krw,0.86
impidx_기타식용작물,분야 전용,0.0,2015-02,-0.027,1.47,intl_천연가스,0.79
garak_amount_krw,분야 전용,36.7,2018-01,-0.056,0.96,garak_qty_kg,0.86
garak_n_trades,분야 전용,36.7,2018-01,-0.025,0.84,garak_amount_krw,0.77
impidx_과일,분야 전용,0.0,2015-02,0.019,0.83,impidx_채소및과실,1.0
garak_top_origin_share,분야 전용,42.1,2018-01,0.033,0.72,export_kg,0.25
cultivated_area_ha,분야 전용,47.9,2016-03,-0.008,0.67,vol28,-0.44
whsl_price_kg,분야 전용,2.9,2015-01,-0.059,0.66,mafra_whsl_price_kg,0.99
mafra_whsl_price_kg,분야 전용,8.8,2016-01,-0.057,0.57,whsl_price_kg,0.99
impidx_곡류,분야 전용,0.0,2015-02,0.009,0.56,cpi_총지수,0.85
intl_옥수수,분야 전용,0.0,2015-02,-0.018,0.55,impidx_곡물및식량작물,0.85
impidx_유지,분야 전용,0.0,2015-02,-0.011,0.54,impidx_콩류,0.9
production_ton,분야 전용,47.9,2016-03,-0.004,0.4,garak_qty_kg,0.6
intl_대두,분야 전용,0.0,2015-02,-0.011,0.37,impidx_콩류,0.94
impidx_농산물,분야 전용,0.0,2015-02,-0.021,0.36,impidx_곡물및식량작물,0.81
prodarea_temp_min,분야 전용,46.8,2015-01,0.043,0.28,wx_temp_min,0.99
prodarea_temp_avg,분야 전용,46.8,2015-01,0.041,0.26,wx_temp_avg,1.0
intl_소맥,분야 전용,0.0,2015-02,-0.009,0.26,impidx_맥류및잡곡,0.91
impidx_콩류,분야 전용,0.0,2015-02,0.001,0.26,intl_대두,0.94
impidx_채소및과실,분야 전용,0.0,2015-02,0.019,0.26,impidx_과일,1.0
prodarea_temp_max,분야 전용,46.8,2015-01,0.035,0.14,wx_temp_max,1.0
impidx_곡물및식량작물,분야 전용,0.0,2015-02,-0.006,0.14,impidx_맥류및잡곡,0.99
impidx_맥류및잡곡,분야 전용,0.0,2015-02,-0.008,0.08,impidx_곡물및식량작물,0.99
prodarea_sunshine_hr,분야 전용,46.8,2015-01,-0.032,0.06,wx_sunshine_hr,0.98
prodarea_humidity,분야 전용,46.8,2015-01,0.045,0.06,wx_humidity,0.98
prodarea_rain,분야 전용,46.8,2015-01,0.061,0.05,wx_rain,0.98
prodarea_wind_avg,분야 전용,46.8,2015-01,0.014,0.02,wx_wind_avg,0.91
