분야,피처,검증 SHAP 비중,순위
농산물,price_kg,0.09184007945344966,1
농산물,cpi_item,0.03321724372783323,2
농산물,garak_price_kg,0.02366070544756884,3
농산물,impidx_도축육,0.022879392134862127,4
농산물,impidx_기타비식용작물,0.0200529136754979,5
농산물,wx_temp_min,0.019021546972682185,6
농산물,cpi_식료품,0.018115434444641684,7
농산물,impidx_기타작물,0.013194585400739974,8
농산물,garak_qty_kg,0.012894304599210578,9
농산물,fuel_보통휘발유,0.010042830522271937,10
농산물,impidx_과실및채소가공품,0.00967552046873535,11
농산물,intl_원면,0.009669934306223602,12
농산물,impidx_유지,0.009568177562279484,13
농산물,whsl_price_kg,0.009297386405275773,14
농산물,impidx_과일,0.008474248267332535,15
농산물,intl_구리,0.008362763432484311,16
농산물,usd_krw,0.008019700155733252,17
농산물,impidx_기타식용작물,0.007742490346558709,18
농산물,export_kg,0.0069957735016543815,19
농산물,intl_아연,0.006835197676712434,20
농산물,mafra_whsl_price_kg,0.006577405875323367,21
농산물,impidx_가금육,0.006320850395172571,22
농산물,intl_니켈,0.005856381407918126,23
농산물,impidx_수산가공품,0.005812209660101661,24
농산물,garak_amount_krw,0.005764629990794627,25
농산물,garak_n_trades,0.005758177607877472,26
농산물,import_kg,0.005732694649696769,27
농산물,impidx_낙농및육류,0.005644794442551986,28
농산물,wx_temp_avg,0.005634715854560597,29
농산물,impidx_원당,0.0056089495659933245,30
농산물,cpi_총지수,0.005187205614758659,31
농산물,intl_대두,0.005101511219458195,32
농산물,intl_원유_Brent,0.004642914511979188,33
농산물,intl_옥수수,0.0045592063850649674,34
농산물,intl_금,0.004306850841967736,35
농산물,impidx_기타식료품,0.004302765117314587,36
농산물,cultivated_area_ha,0.004064550565207476,37
농산물,import_usd,0.003962139492605704,38
농산물,month,0.0039307161935445405,39
농산물,intl_천연가스,0.0037659013373471414,40
농산물,fuel_실내등유,0.003616610699203243,41
농산물,garak_top_origin_share,0.0034594917944875386,42
농산물,impidx_인삼및건강보조식품,0.0032035929159678835,43
농산물,impidx_수산물,0.0030490147003668358,44
농산물,wx_ground_temp,0.002887890967901387,45
농산물,impidx_냉동건조수산물,0.0028779884326235756,46
농산물,fuel_자동차용_경유,0.002863106435435631,47
농산물,production_ton,0.002629490578751144,48
농산물,impidx_조미료및유지,0.0025498951087094338,49
농산물,intl_원유_WTI,0.0025291164478167495,50
농산물,prodarea_temp_avg,0.0023862010137065503,51
농산물,impidx_콩류,0.002328940364623083,52
농산물,nutr_waste_pct,0.0022120348389164865,53
농산물,nutr_carb_g,0.0022017647763549744,54
농산물,impidx_천연고무,0.0021798505696878356,55
농산물,prodarea_temp_min,0.0021452627672792117,56
농산물,intl_유연탄,0.001984070432631458,57
농산물,intl_원당,0.001942079645088967,58
농산물,wx_temp_max,0.001933133830846822,59
농산물,intl_소맥,0.0018277136411278296,60
농산물,nutr_kcal,0.0018092321633429787,61
농산물,impidx_원목,0.0017664054731345998,62
농산물,intl_원유_Dubai,0.0017639455915464761,63
농산물,impidx_곡류,0.0017291062912905553,64
농산물,intl_알루미늄,0.0016752454059005414,65
농산물,impidx_낙농품,0.0016497392644864188,66
농산물,wx_humidity,0.0015642996277424534,67
농산물,impidx_제당및전분,0.0015402568295421232,68
농산물,nutr_fiber_g,0.0015027907521382553,69
농산물,impidx_신선수산물,0.0014953626241495535,70
농산물,impidx_채소및과실,0.0014740537292717492,71
농산물,nutr_fat_g,0.001454062319883175,72
농산물,impidx_농산물,0.0014456721291160367,73
농산물,wx_wind_gust,0.001426588742708792,74
농산물,impidx_축산물,0.0014217168437984668,75
농산물,wx_solar_rad,0.0014183401798779673,76
농산물,wx_rain,0.0013717127718541533,77
농산물,nutr_protein_g,0.001347397623553929,78
농산물,intl_철광석,0.001294463310147236,79
농산물,prodarea_temp_max,0.001293279262855614,80
농산물,impidx_농림수산품,0.0010746542677138285,81
농산물,impidx_식료품,0.0010485856324058368,82
농산물,impidx_냉동수산물,0.0010433963189063651,83
농산물,wx_sunshine_hr,0.0009949989649937,84
농산물,impidx_잎담배,0.0009688538370026818,85
농산물,impidx_곡물및식량작물,0.0009617987135895609,86
농산물,nutr_sodium_mg,0.0009335131850670241,87
농산물,nutr_sugar_g,0.0008564529498686928,88
농산물,wx_wind_avg,0.0006953496929059202,89
농산물,dow,0.000635201395581871,90
농산물,prodarea_humidity,0.0005866559668549856,91
농산물,wx_rain_1h_max,0.0005498970340453301,92
농산물,prodarea_sunshine_hr,0.0005485459783845086,93
농산물,impidx_맥류및잡곡,0.0004985773533564158,94
농산물,impidx_임산물,0.00047525822516404946,95
농산물,prodarea_rain,0.0002397039878588413,96
농산물,wx_snow_depth,0.00018955014228042125,97
농산물,prodarea_wind_avg,0.00014431432502986396,98
농산물,impidx_떡_빵및과자류,0.0,99
축산물,price_kg,0.09211364131698735,1
축산물,pig_auction_rep_kg,0.044866453063879,2
축산물,fuel_실내등유,0.03676039847150193,3
축산물,usd_krw,0.035596049313999296,4
축산물,import_usd,0.03319898354142541,5
축산물,import_kg,0.024883275171949673,6
축산물,stock_ton,0.024437973318476837,7
축산물,pig_auction_price_kg,0.016655927622953846,8
축산물,census_heads,0.01657047182346013,9
축산물,auction_price_kg,0.01646845239487126,10
축산물,export_kg,0.015769309311103034,11
축산물,auction_heads,0.014325487446374793,12
축산물,census_farms,0.011245108847567353,13
축산물,impidx_과실및채소가공품,0.01119937691529066,14
축산물,impidx_원당,0.010840496888897768,15
축산물,intl_원유_Brent,0.009805340651289626,16
축산물,intl_천연가스,0.00968748364062549,17
축산물,intl_원유_WTI,0.009452062744007464,18
축산물,intl_소맥,0.008769399032751934,19
축산물,cpi_식료품,0.008524634873992416,20
축산물,impidx_콩류,0.008366982881218041,21
축산물,impidx_기타식용작물,0.008294890158421043,22
축산물,fuel_보통휘발유,0.007344232710162649,23
축산물,impidx_유지,0.007239007016229667,24
축산물,impidx_기타비식용작물,0.007064307820149386,25
축산물,impidx_기타작물,0.00694769323440762,26
축산물,intl_유연탄,0.006733232503291069,27
축산물,intl_니켈,0.005894137533417448,28
축산물,impidx_가금육,0.005841530971490056,29
축산물,wx_temp_min,0.005654015235632937,30
축산물,intl_옥수수,0.005607174235558628,31
축산물,impidx_수산가공품,0.005544986961572923,32
축산물,pig_auction_skinned_kg,0.005246735145882956,33
축산물,wx_humidity,0.005225534001340404,34
축산물,dow,0.005074537076955244,35
축산물,impidx_과일,0.004917487913514554,36
축산물,intl_금,0.004819195056500291,37
축산물,wx_temp_avg,0.004742105317721232,38
축산물,month,0.004541767908770911,39
축산물,cpi_총지수,0.004539036880498093,40
축산물,intl_철광석,0.00440389082176139,41
축산물,impidx_천연고무,0.004394662263050139,42
축산물,impidx_수산물,0.004332643051383831,43
축산물,intl_아연,0.0043315271560652804,44
축산물,wx_ground_temp,0.0041786556958773174,45
축산물,intl_알루미늄,0.004177390439877975,46
축산물,impidx_냉동건조수산물,0.004108783312706676,47
축산물,impidx_낙농품,0.0037873240718578195,48
축산물,intl_원유_Dubai,0.0037666225094152624,49
축산물,intl_원면,0.003738481211978978,50
축산물,impidx_육가공품및낙농품,0.0034562559482230783,51
축산물,impidx_곡류,0.0033848614139810815,52
축산물,impidx_맥류및잡곡,0.003253991125884832,53
축산물,impidx_낙농및육류,0.00312842491580495,54
축산물,wx_sunshine_hr,0.002943588140882701,55
축산물,wx_temp_max,0.0029186603736355006,56
축산물,impidx_신선수산물,0.0028355051590211707,57
축산물,impidx_잎담배,0.002800004461963335,58
축산물,impidx_원목,0.0027392769137231047,59
축산물,wx_snow_depth,0.0026643002862371994,60
축산물,impidx_축산물,0.002644708028438688,61
축산물,disease_all_heads,0.002641716324485496,62
축산물,impidx_인삼및건강보조식품,0.0025985403781882493,63
축산물,nutr_protein_g,0.0025661963417799613,64
축산물,wx_solar_rad,0.0023643362005706407,65
축산물,wx_rain,0.0023462288769600563,66
축산물,impidx_농산물,0.002250765161185468,67
축산물,intl_원당,0.002143893660401833,68
축산물,wx_wind_gust,0.002087782115688835,69
축산물,impidx_도축육,0.0020675289446848936,70
축산물,wx_wind_avg,0.0019783965643644062,71
축산물,nutr_kcal,0.0017989494760872016,72
축산물,impidx_제당및전분,0.0016944003375159219,73
축산물,impidx_냉동수산물,0.0015935280282012934,74
축산물,impidx_수산물가공품,0.0015913174368030227,75
축산물,wx_rain_1h_max,0.0015338378499063412,76
축산물,intl_구리,0.001528113390422844,77
축산물,impidx_식료품,0.0015063037541852564,78
축산물,impidx_채소및과실,0.00149015544784539,79
축산물,impidx_곡물및식량작물,0.0014419689910815103,80
축산물,fuel_자동차용_경유,0.0013843927950876367,81
축산물,intl_대두,0.0013453762790811797,82
축산물,impidx_농림수산품,0.001333381453428825,83
축산물,impidx_기타식료품,0.0012460715847512358,84
축산물,disease_all_cases,0.0008578289632270112,85
축산물,impidx_임산물,0.00078606498765284,86
축산물,disease_cases,0.0003232724074432589,87
축산물,nutr_fat_g,0.00024856678884223484,88
축산물,nutr_sodium_mg,0.00011051372799927298,89
축산물,disease_heads,5.207780610467335e-05,90
축산물,nutr_waste_pct,1.6738737031118944e-05,91
축산물,nutr_carb_g,7.13902763527807e-06,92
축산물,is_holiday,0.0,93
축산물,impidx_떡_과자및면류,0.0,94
축산물,cpi_item,0.0,95
수산물,price_kg,0.0653686539648308,1
수산물,fuel_실내등유,0.06491347134940875,2
수산물,cpi_item,0.02978621955394229,3
수산물,mafra_whsl_price_kg,0.024218447262551054,4
수산물,catch_value_kkrw,0.015906865946785288,5
수산물,intl_원면,0.014659056652012142,6
수산물,catch_ton,0.014086569243626775,7
수산물,impidx_유지,0.012854500754209096,8
수산물,whsl_price_kg,0.012629962762190123,9
수산물,cpi_식료품,0.011756823993785963,10
수산물,import_kg,0.011629877474025623,11
수산물,export_kg,0.01103100400552813,12
수산물,intl_천연가스,0.010224861880963526,13
수산물,impidx_과일,0.009825582189966686,14
수산물,impidx_기타비식용작물,0.009743451193507013,15
수산물,days_to_closed_start,0.009612936372317648,16
수산물,farm_din_s,0.009459065292574436,17
수산물,impidx_수산가공품,0.009177930253400416,18
수산물,impidx_콩류,0.008960657200579031,19
수산물,impidx_가금육,0.008871002048467358,20
수산물,intl_옥수수,0.006762768396653343,21
수산물,farmitem_ss_s,0.006482228224767163,22
수산물,farm_do_s,0.006474380659121864,23
수산물,impidx_낙농및육류,0.006270186777829313,24
수산물,coast_temp_avg,0.005696250540861716,25
수산물,nutr_fat_g,0.005588441055888506,26
수산물,import_usd,0.005497012032598415,27
수산물,impidx_기타식용작물,0.004807283653377108,28
수산물,intl_유연탄,0.004802211316479061,29
수산물,nutr_sugar_g,0.004793748872972541,30
수산물,intl_소맥,0.004771692653998145,31
수산물,impidx_기타작물,0.004598330574729574,32
수산물,usd_krw,0.004460240994782395,33
수산물,farmitem_do_b,0.004353752775670878,34
수산물,fuel_보통휘발유,0.004180437493583992,35
수산물,impidx_수산물,0.0041648184914087095,36
수산물,impidx_원목,0.003971652880102806,37
수산물,farmitem_din_s,0.00388120299566,38
수산물,sea_temp_east,0.0038640188836811013,39
수산물,impidx_농산물,0.0038594129678502886,40
수산물,impidx_도축육,0.003712525067812289,41
수산물,intl_니켈,0.0036571246263834194,42
수산물,intl_아연,0.003528420215641188,43
수산물,intl_원유_Brent,0.00351879023792328,44
수산물,sea_temp_west,0.0035051048940317447,45
수산물,farm_temp_b,0.003498213765187882,46
수산물,sea_temp_south,0.003490981243884759,47
수산물,farm_sal_s,0.0033277580362583046,48
수산물,intl_금,0.003326439744875266,49
수산물,impidx_냉동건조수산물,0.0033055986435929115,50
수산물,farm_do_b,0.0032490802736951457,51
수산물,impidx_원당,0.0032437026456688094,52
수산물,impidx_과실및채소가공품,0.0032084089265392215,53
수산물,impidx_채소및과실,0.0031561871400559546,54
수산물,impidx_낙농품,0.002963907253285743,55
수산물,wx_ground_temp,0.0029599370569848927,56
수산물,farmitem_dip_s,0.002935239258322284,57
수산물,impidx_수산물가공품,0.002924108290037184,58
수산물,cpi_총지수,0.0028973025121482015,59
수산물,farmitem_chl_s,0.0028674294187545635,60
수산물,fuel_자동차용_경유,0.002854938062717689,61
수산물,intl_알루미늄,0.002794697569224675,62
수산물,nutr_kcal,0.0026785192877161607,63
수산물,impidx_곡류,0.002658031483669423,64
수산물,farm_temp_s,0.0026198437294249763,65
수산물,intl_대두,0.0026103509141820217,66
수산물,intl_원당,0.0025825028946133604,67
수산물,buoy_temp_max,0.002552385196461647,68
수산물,farm_cod_s,0.0025230053604953415,69
수산물,impidx_신선수산물,0.0024432976017452323,70
수산물,farm_dip_s,0.002233111908778805,71
수산물,impidx_기타식료품,0.0021296593865176,72
수산물,nutr_sodium_mg,0.0021263969871531943,73
수산물,impidx_맥류및잡곡,0.002062555442320858,74
수산물,farm_chl_s,0.0020612365305831344,75
수산물,impidx_천연고무,0.0020102668347649023,76
수산물,impidx_곡물및식량작물,0.0018816831086062337,77
수산물,intl_구리,0.0018641611879881485,78
수산물,intl_원유_WTI,0.0018576636446119427,79
수산물,intl_원유_Dubai,0.0018328026805731485,80
수산물,wx_temp_avg,0.001801823374601618,81
수산물,farmitem_temp_s,0.0017409939135044263,82
수산물,wx_temp_min,0.0017017999843384412,83
수산물,farm_ss_s,0.0016473325864478443,84
수산물,impidx_잎담배,0.00151689165647302,85
수산물,nutr_carb_g,0.0014818871626384724,86
수산물,nutr_protein_g,0.0014235327584996382,87
수산물,impidx_인삼및건강보조식품,0.0013769223012421658,88
수산물,intl_철광석,0.001352670448070241,89
수산물,month,0.001351948110280994,90
수산물,wx_humidity,0.0013513667793216004,91
수산물,farmitem_sal_s,0.0012182618700569913,92
수산물,impidx_농림수산품,0.001217702524526353,93
수산물,wx_wind_avg,0.0011543970107101731,94
수산물,farmitem_cod_s,0.001129407633147882,95
수산물,impidx_식료품,0.0011041322860925998,96
수산물,wx_wind_gust,0.001013429129403872,97
수산물,wx_solar_rad,0.000980212709074747,98
수산물,closed_season,0.0009739714975795903,99
수산물,wx_temp_max,0.000921052886598204,100
수산물,nutr_waste_pct,0.0008682586687355071,101
수산물,impidx_제당및전분,0.0007837015042929401,102
수산물,impidx_냉동수산물,0.0007807797156957575,103
수산물,wx_sunshine_hr,0.0007799938811744443,104
수산물,buoy_wind_avg,0.0007399896182725485,105
수산물,impidx_임산물,0.000705337369561302,106
수산물,wx_rain,0.0006784370657283332,107
수산물,impidx_축산물,0.000556115324952969,108
수산물,farmitem_do_s,0.0005150838313923859,109
수산물,coast_temp_n_stations,0.0004970894329738161,110
수산물,wx_rain_1h_max,0.00044041866914526067,111
수산물,farmitem_temp_b,0.00038037696889601103,112
수산물,dow,0.0002454249789221409,113
수산물,closed_window,0.00022542930024633525,114
수산물,wx_snow_depth,0.0002221194091294593,115
수산물,redtide_density_max,0.0001981476821162736,116
수산물,redtide_reports,8.644216371025607e-05,117
수산물,redtide_areas,4.277070087006569e-05,118
수산물,jellyfish_reports,2.103089918552675e-05,119
