분야,후보,RMSE 평균,RMSE 시드 표준편차,R² 평균,방향정확도 평균,3구간 평균,"① 대비 ΔRMSE (평균, 시드별 일관)",판정 (vs ①),학습 시간(초)
축산물,① LGB,0.05995,0.00015,0.1891,0.696,0.5113,+0.00000 (0/5 시드 개선),-,5.6
축산물,② LGB+XGB,0.05972,6e-05,0.1953,0.6974,0.5149,-0.00023 (5/5 시드 개선),차이 없음,8.2
축산물,③ LGB+Ridge,0.0595,6e-05,0.2011,0.6923,0.5123,-0.00045 (5/5 시드 개선),좋아짐,6.5
축산물,④ LGB+XGB+Ridge,0.05934,3e-05,0.2055,0.6962,0.5166,-0.00061 (5/5 시드 개선),좋아짐,9.2
축산물,⑤ 부스팅3종,0.05962,4e-05,0.1979,0.6961,0.5155,-0.00033 (5/5 시드 개선),차이 없음,49.4
축산물,⑥ 부스팅3종+Ridge,0.05932,3e-05,0.206,0.6961,0.5172,-0.00063 (5/5 시드 개선),좋아짐,50.4
수산물,① LGB,0.08089,8e-05,0.2414,0.7139,0.6298,+0.00000 (0/5 시드 개선),-,14.2
수산물,② LGB+XGB,0.08098,9e-05,0.2398,0.7121,0.6167,+0.00009 (0/5 시드 개선),차이 없음,23.8
수산물,③ LGB+Ridge,0.0813,4e-05,0.2338,0.7038,0.6163,+0.00041 (0/5 시드 개선),차이 없음,20.1
수산물,④ LGB+XGB+Ridge,0.08071,5e-05,0.245,0.7088,0.6115,-0.00019 (5/5 시드 개선),차이 없음,29.7
수산물,⑤ 부스팅3종,0.0808,0.00011,0.2432,0.7119,0.6125,-0.00009 (5/5 시드 개선),차이 없음,135.7
수산물,⑥ 부스팅3종+Ridge,0.08047,7e-05,0.2494,0.7109,0.6107,-0.00043 (5/5 시드 개선),차이 없음,141.5
농산물,① LGB,0.12509,0.00026,0.4476,0.7552,0.6298,+0.00000 (0/5 시드 개선),-,47.5
농산물,② LGB+XGB,0.12448,0.00021,0.4529,0.7586,0.6335,-0.00060 (5/5 시드 개선),차이 없음,115.8
농산물,③ LGB+Ridge,0.12628,0.00015,0.437,0.7455,0.584,+0.00119 (0/5 시드 개선),나빠짐,83.2
농산물,④ LGB+XGB+Ridge,0.12434,0.00019,0.4542,0.7539,0.606,-0.00075 (5/5 시드 개선),차이 없음,151.5
농산물,⑤ 부스팅3종,0.12368,0.00016,0.4599,0.7583,0.6326,-0.00140 (5/5 시드 개선),좋아짐,652.2
농산물,⑥ 부스팅3종+Ridge,0.12348,9e-05,0.4617,0.7556,0.6156,-0.00161 (5/5 시드 개선),좋아짐,687.9
