변수,n,결측%,평균,표준편차,최소,25%,중앙값,75%,최대,왜도
갈치 / 생산금액(천원) · value,128.0,0.0,33198834.725947343,16360448.858215204,3653529.7,19626694.935999997,32859599.351,44433181.134775,88629563.4656,0.5076817659467374
갈치 / 생산량(톤) · value,128.0,0.0,4137.7885415625005,2307.4737716858112,493.23202,2175.46185,3825.00418,5865.909825000001,11200.771,0.6069443019226919
고등어 / 생산금액(천원) · value,256.0,0.0,8637475.983763672,12901051.777126063,4000.0,329793.75,1153486.1262,13856396.272387499,84168949.9291,2.291821453858623
고등어 / 생산량(톤) · value,256.0,0.0,5289.086844375,8094.590265180361,0.2,17.9975,147.59087499999998,8934.09973,39581.1018,1.8393109905628302
굴류 / 생산금액(천원) · value,241.0,0.0,12333168.508694068,19939048.149581317,2.0,213544.268,3959585.798,13084905.0,89999550.0,2.197400716039669
굴류 / 생산량(톤) · value,241.0,0.0,14387.964364481328,20634.19189699377,0.003,138.5917,2729.6233,25560.0,68812.2912,1.36651180474455
김류 / 생산금액(천원) · value,132.0,0.0,56201052.25551326,72594215.84661046,120.0,29123.1,17802227.119999997,99338265.0095,321616585.877,1.5120677355670888
김류 / 생산량(톤) · value,132.0,0.0,45836.392868409086,53756.69833613626,0.0429,26.36775,9047.5125,92183.91425,167584.576,0.7280289064603531
꽃게 / 생산금액(천원) · value,128.0,0.0,22582844.12490102,21357463.098275956,71137.157,2682351.16175,18876515.619149998,36016232.185325,89516840.27388,0.9349987654203541
꽃게 / 생산량(톤) · value,128.0,0.0,1488.30348859375,1740.970852601457,5.97245,105.67889,1078.8850149999998,2215.70235,9403.0035,1.9378247531514494
멸치 / 생산금액(천원) · value,128.0,0.0,23845205.85785625,14362259.798690876,4463547.816,12125282.2759625,21996461.920975,32808604.053,71761373.9449,0.9242856581388659
멸치 / 생산량(톤) · value,128.0,0.0,13427.219050390624,7564.328458773119,2578.0579,7155.3724999999995,11923.146,18255.1510625,37398.94067,0.6843217531348245
바지락 / 생산금액(천원) · value,247.0,0.0,5120339.274496599,5141007.335577766,20.0,1455245.049,3925726.79555,7276655.52355,30591466.77307,2.1455198616272337
바지락 / 생산량(톤) · value,247.0,0.0,1576.5998459109312,1393.2630655726523,0.006,452.3285,1264.96549,2394.56425,8334.9786,1.1857040016688696
살오징어(오징어) / 생산금액(천원) · value,128.0,0.0,31492650.643387347,30225102.96364459,98662.77,7551320.65065,19794586.1162,48707191.371375,134289798.077,1.2142629375865974
살오징어(오징어) / 생산량(톤) · value,128.0,0.0,4265.58620640625,5150.529201602194,7.0127,695.952345,2035.59375,6164.79472,30772.84539,2.0487750237190023
전복류 / 생산금액(천원) · value,256.0,0.0,23514502.12938828,24409334.970522486,79078.0,526609.379125,11793447.829499999,44594018.8925,81234009.6,0.3404825817276242
전복류 / 생산량(톤) · value,256.0,0.0,897.775745078125,970.0451101675689,0.9284,7.884625,364.93245,1755.1842,3250.921,0.4598038882920712
참조기 / 생산금액(천원) · value,195.0,0.0,10011120.737711897,18084525.855631217,0.0,53130.5,516600.0,8413133.357,86625402.094,2.0011463569548145
참조기 / 생산량(톤) · value,195.0,0.0,1175.9383419487178,2321.5796640450717,0.0,4.7,53.051,913.324985,13696.3037,2.4852425413848844
