분야,명절 피처,RMSE,±,R²,Δ vs 원래,명절 SHAP 합 %
농산물,원래 값,0.12567,0.00078,0.445,0.0,4.69
농산물,30일 상한,0.12847,0.0005,0.4201,0.00279,1.2
농산물,45일 상한,0.12903,0.00011,0.415,0.00336,1.82
농산물,명절 피처 없음,0.12822,0.00038,0.4223,0.00255,0.0
축산물,원래 값,0.0455,6e-05,0.1339,0.0,3.54
축산물,30일 상한,0.04534,0.00011,0.1401,-0.00016,0.83
축산물,45일 상한,0.0452,5e-05,0.1455,-0.00031,1.18
축산물,명절 피처 없음,0.04581,0.00011,0.1223,0.0003,0.0
수산물,원래 값,0.05872,0.00043,0.1186,0.0,1.74
수산물,30일 상한,0.05915,0.00034,0.1055,0.00043,0.31
수산물,45일 상한,0.05893,0.00027,0.1124,0.00021,0.44
수산물,명절 피처 없음,0.05893,0.00023,0.1122,0.00021,0.0
