분야,변형,RMSE,Δ vs 현재,Δ vs 모두 제거,회복률 %,시드별 Δ vs 현재
축산물,현재 (13개 중 이 분야 5개 포함),0.06173,0.0,-0.00031,100,+0.00000 / +0.00000 / +0.00000
축산물,5개 모두 제거,0.06204,0.00031,0.0,0,+0.00071 / -0.00031 / +0.00053
축산물,wx_temp_max만 남김,0.06206,0.00033,2e-05,-6,+0.00068 / +0.00003 / +0.00028
축산물,impidx_도축육_가금육만 남김,0.06227,0.00054,0.00023,-73,+0.00039 / +0.00037 / +0.00084
축산물,intl_사료곡물_옥수수대두밀만 남김,0.06191,0.00018,-0.00013,42,+0.00051 / -0.00019 / +0.00022
축산물,cpi_식료품만 남김,0.06212,0.00039,8e-05,-27,+0.00057 / -0.00008 / +0.00068
축산물,fuel_휘발유경유등유만 남김,0.06208,0.00035,4e-05,-13,+0.00046 / -0.00034 / +0.00093
축산물,5개 모두 제거 + 시간 변수(진단용),0.06257,0.00083,0.00052,-169,+0.00103 / +0.00084 / +0.00064
수산물,현재 (13개 중 이 분야 5개 포함),0.08503,0.0,-0.0007,100,+0.00000 / +0.00000 / +0.00000
수산물,5개 모두 제거,0.08572,0.0007,0.0,0,+0.00046 / +0.00119 / +0.00044
수산물,grp_r28만 남김,0.08535,0.00033,-0.00037,53,-0.00005 / +0.00053 / +0.00050
수산물,import_kg만 남김,0.08525,0.00023,-0.00047,67,-0.00009 / +0.00021 / +0.00056
수산물,days_to_closed_start만 남김,0.08544,0.00042,-0.00028,40,+0.00058 / -0.00058 / +0.00125
수산물,farm_ss_s만 남김,0.08569,0.00066,-3e-05,5,+0.00098 / +0.00043 / +0.00057
수산물,farm_sal_s만 남김,0.08489,-0.00013,-0.00083,119,-0.00025 / -0.00015 / +0.00000
수산물,5개 모두 제거 + 시간 변수(진단용),0.0862,0.00117,0.00048,-69,+0.00166 / +0.00076 / +0.00110
