모델,RMSE,MAE,R2,MAPE(%),방향정확도(%),급변 MAPE(%),급변 방향(%),급변 크기비,오늘가격유지 대비 RMSE 개선(%),학습시간(초),도메인
기준: 오늘 가격 유지,0.15073198311403382,0.09460929901472588,0.1250866201586427,9.480260514103122,54.28434040157628,20.174751355295374,63.62590830675937,0.174780357377372,0.0,,농산물
기준: 작년 같은 시기,0.1777416128982361,0.11006030527836898,-0.21655701058102306,11.34461339428396,53.45632388815913,21.416385859476186,60.70887134716922,0.40035685629606566,-17.918977264280112,,농산물
선형회귀,0.13335804168620016,0.09052171400599691,0.3151544297924923,9.198298654994536,68.2374741977857,16.370287445589486,78.80704689215328,0.4086782476058586,11.52638018083374,1.1772973537445068,농산물
XGBoost,0.12281570654565192,0.08019544640388075,0.41915259401334004,8.232260511613939,72.17817601801464,14.566087788547485,82.9578127450468,0.5376862793768022,18.520473221175827,2.7114953994750977,농산물
LSTM,0.13279250382095054,0.08718519584202429,0.3209506287033568,8.959649764923185,65.88126290110715,16.846593147460805,76.24287730670709,0.3544969289502653,11.901574518203917,7.438633918762207,농산물
기준: 오늘 가격 유지,0.05300197398485187,0.03403777366165488,-0.15330084437780833,3.4019510210798973,57.82761653474054,12.884065086061675,55.34124629080118,0.1876886646689116,0.0,,축산물
기준: 작년 같은 시기,0.055425077186610425,0.038219950272879985,-0.2611627475474758,3.8312294794808457,44.51956904133685,14.639883602697667,45.02967359050445,0.07849525152290807,-4.571722559712743,,축산물
선형회귀,0.045765061149495447,0.0308514010721471,0.14014224048247415,3.1069671180373075,65.95756376429199,11.354171097097202,81.4540059347181,0.2373565661844459,13.654043974710738,0.049687862396240234,축산물
XGBoost,0.04619962044152856,0.03169556141147359,0.12373526107309285,3.188501782895302,65.36939313984169,11.259412738920206,79.89614243323442,0.27137870503264705,12.834151319095099,1.6396677494049072,축산물
LSTM,0.04944948244385817,0.03274508326676734,-0.0038805079528207997,3.2901191992785392,48.84564643799472,14.699556142801296,58.82789317507419,0.025120564132270054,6.702564591290527,0.15368175506591797,축산물
기준: 오늘 가격 유지,0.06510852222425083,0.037408041330393556,-0.08322000677070274,3.732145893876535,41.82190234264747,13.968301157762312,48.94957983193277,0.14414288420024646,0.0,,수산물
기준: 작년 같은 시기,0.07161375363331715,0.044357736400044284,-0.3104904848189889,4.451579194641879,31.80920124188541,15.454960551338301,32.47899159663866,0.03335478453294136,-9.991367008239882,,수산물
선형회귀,0.05758023327651664,0.03563246660937198,0.1527963146488216,3.5906928305817827,63.30087496471917,13.043897561712733,75.21008403361344,0.18467158050414312,11.562678264766612,0.15174508094787598,수산물
XGBoost,0.05825087465972418,0.03706189442063796,0.13294649543996817,3.750508711176892,64.57098504092576,12.148679065933043,77.10084033613445,0.266133784021254,10.532642010990688,1.7631325721740723,수산물
LSTM,0.06130170766947479,0.0379822704478731,0.039745962805864066,3.8434594428557607,57.0773355913068,14.687041692290133,65.71428571428571,0.10958060342056455,5.846875992154099,1.2245378494262695,수산물
