분야,연도,품목 가격 전년비 중앙값 %,품목 가격 전년비 평균 %,시계열 수,소비자물가 총지수 상승률 %,소비자물가 식료품 상승률 %
농산물,2016,5.4,10.0,330,0.8,1.8
농산물,2017,-2.4,-2.6,330,1.9,4.1
농산물,2018,5.4,8.5,319,1.4,2.3
농산물,2019,-4.4,-5.9,332,0.6,0.7
농산물,2020,9.2,12.3,325,0.5,3.8
농산물,2021,6.4,5.1,329,2.1,6.2
농산물,2022,8.2,7.4,321,5.0,6.1
농산물,2023,4.5,4.6,319,3.8,5.0
농산물,2024,3.3,4.4,318,2.5,4.7
축산물,2016,5.0,5.0,2,0.8,1.8
축산물,2017,3.7,3.7,2,1.9,4.1
축산물,2018,-2.8,-2.8,2,1.4,2.4
축산물,2019,4.3,2.6,4,0.5,0.7
축산물,2020,9.8,8.1,4,0.5,3.4
축산물,2021,16.6,15.4,25,2.0,6.3
축산물,2022,4.6,6.3,27,5.7,7.2
축산물,2023,-5.1,-3.4,35,3.2,4.3
축산물,2024,-1.2,-0.1,35,2.5,4.6
수산물,2016,4.1,7.0,29,0.8,2.0
수산물,2017,2.6,9.4,37,1.9,3.9
수산물,2018,1.3,3.0,37,1.4,2.4
수산물,2019,-2.0,-0.6,38,0.5,0.6
수산물,2020,5.1,8.0,38,0.5,3.8
수산물,2021,1.1,2.9,37,2.1,6.1
수산물,2022,4.2,3.7,37,5.0,6.2
수산물,2023,2.9,1.9,44,3.8,5.1
수산물,2024,1.2,3.1,56,2.4,4.4
