분야,모델,RMSE,MAE,R2
농산물,베이스라인 1 (오늘 가격 = 향후 4주 평균),0.1592,0.0943,0.1099
농산물,베이스라인 2 (최근 7일 평균 = 향후 4주 평균),0.1696,0.1019,-0.0112
농산물,선형회귀,0.2024,0.1488,-0.4391
농산물,XGBoost,0.1314,0.0838,0.3929
농산물,LightGBM,0.1294,0.0823,0.4113
축산물,베이스라인 1 (오늘 가격 = 향후 4주 평균),0.0525,0.0335,-0.152
축산물,베이스라인 2 (최근 7일 평균 = 향후 4주 평균),0.0489,0.0321,-0.0007
축산물,선형회귀,0.1201,0.074,-5.0292
축산물,XGBoost,0.0453,0.0315,0.1399
축산물,LightGBM,0.0453,0.0315,0.1411
수산물,베이스라인 1 (오늘 가격 = 향후 4주 평균),0.0647,0.0369,-0.0716
수산물,베이스라인 2 (최근 7일 평균 = 향후 4주 평균),0.0627,0.0366,-0.0042
수산물,선형회귀,0.0681,0.0504,-0.1853
수산물,XGBoost,0.0618,0.0402,0.025
수산물,LightGBM,0.0606,0.0394,0.061
