분야,시드,지역,전국
농산물,0,0.12871050993730646,0.1250189774870752
농산물,1,0.12865708478384918,0.12558707966145452
농산물,2,0.12917891796354897,0.12618656945979714
농산물,3,0.1287893839622724,0.12535451377996154
농산물,4,0.12845899821499163,0.12476536486929808
축산물,0,0.06293510489486856,0.04599058975518327
축산물,1,0.06282076357047332,0.04614905353942464
축산물,2,0.0626672498797164,0.04588549112796714
축산물,3,0.06311925291692708,0.04635207129292406
축산물,4,0.06266971169310002,0.04616544682237167
수산물,0,0.0855940461098187,0.05822807344550428
수산물,1,0.08513636262254656,0.05748679157868748
수산물,2,0.08535556451321437,0.05782566579973085
수산물,3,0.08533985407700435,0.0576273179312535
수산물,4,0.0860372640091483,0.05788410935694184
