도메인,분할,모델,피처,비중
농산물,2023~24,LightGBM,price_kg,0.08702116223751215
농산물,2023~24,LightGBM,month,0.006037413901047999
농산물,2023~24,LightGBM,dow,0.0007356354206652241
농산물,2023~24,LightGBM,wx_temp_avg,0.009764422572324795
농산물,2023~24,LightGBM,wx_temp_min,0.03403412541155468
농산물,2023~24,LightGBM,wx_temp_max,0.0014436310090582525
농산물,2023~24,LightGBM,wx_rain,0.0021217808079772183
농산물,2023~24,LightGBM,wx_rain_1h_max,0.00032427722059840964
농산물,2023~24,LightGBM,wx_sunshine_hr,0.0004170870513874147
농산물,2023~24,LightGBM,wx_solar_rad,0.003340045988551127
농산물,2023~24,LightGBM,wx_humidity,0.0017651170954287889
농산물,2023~24,LightGBM,wx_wind_gust,0.000214813917585712
농산물,2023~24,LightGBM,wx_wind_avg,0.000415993160058484
농산물,2023~24,LightGBM,wx_snow_depth,0.0002947719865235376
농산물,2023~24,LightGBM,wx_ground_temp,0.0043478581928657065
농산물,2023~24,LightGBM,usd_krw,0.016025259204850942
농산물,2023~24,LightGBM,cpi_식료품,0.004667804237187277
농산물,2023~24,LightGBM,cpi_총지수,0.004969370875113728
농산물,2023~24,LightGBM,fuel_보통휘발유,0.002238271628568708
농산물,2023~24,LightGBM,fuel_실내등유,0.001418619296430124
농산물,2023~24,LightGBM,fuel_자동차용_경유,0.0015243115302977276
농산물,2023~24,LightGBM,impidx_가금육,0.0017560232574201768
농산물,2023~24,LightGBM,impidx_곡류,0.0012734748775666133
농산물,2023~24,LightGBM,impidx_곡물및식량작물,0.001117865163157369
농산물,2023~24,LightGBM,impidx_과실및채소가공품,0.00961926159248854
농산물,2023~24,LightGBM,impidx_과일,0.004820749674475227
농산물,2023~24,LightGBM,impidx_기타비식용작물,0.002803720706275392
농산물,2023~24,LightGBM,impidx_기타식료품,0.0023542983671970366
농산물,2023~24,LightGBM,impidx_기타식용작물,0.008584481711446188
농산물,2023~24,LightGBM,impidx_기타작물,0.001788661983511833
농산물,2023~24,LightGBM,impidx_낙농및육류,0.0030713427323494735
농산물,2023~24,LightGBM,impidx_낙농품,0.0010763609966996073
농산물,2023~24,LightGBM,impidx_냉동건조수산물,0.004512036556011974
농산물,2023~24,LightGBM,impidx_냉동수산물,0.0012841138608293123
농산물,2023~24,LightGBM,impidx_농림수산품,0.0007819269054760614
농산물,2023~24,LightGBM,impidx_농산물,0.0015013574024734502
농산물,2023~24,LightGBM,impidx_도축육,0.002225693309122848
농산물,2023~24,LightGBM,impidx_떡_빵및과자류,0.0
농산물,2023~24,LightGBM,impidx_맥류및잡곡,0.0005819986424882413
농산물,2023~24,LightGBM,impidx_수산가공품,0.0020438367519086255
농산물,2023~24,LightGBM,impidx_수산물,0.004164398305930921
농산물,2023~24,LightGBM,impidx_식료품,0.0008806955813444254
농산물,2023~24,LightGBM,impidx_신선수산물,0.003058644045646972
농산물,2023~24,LightGBM,impidx_원당,0.005406058517438647
농산물,2023~24,LightGBM,impidx_원목,0.0027635693251609086
농산물,2023~24,LightGBM,impidx_유지,0.0010854082386537903
농산물,2023~24,LightGBM,impidx_인삼및건강보조식품,0.005380063121625503
농산물,2023~24,LightGBM,impidx_임산물,0.0005110230531761311
농산물,2023~24,LightGBM,impidx_잎담배,0.01631031753935297
농산물,2023~24,LightGBM,impidx_제당및전분,0.0006227293975939115
농산물,2023~24,LightGBM,impidx_조미료및유지,0.0009246021311401377
농산물,2023~24,LightGBM,impidx_채소및과실,0.0010114131225297186
농산물,2023~24,LightGBM,impidx_천연고무,0.0035378318740066235
농산물,2023~24,LightGBM,impidx_축산물,0.0005229361125105676
농산물,2023~24,LightGBM,impidx_콩류,0.00089425339827784
농산물,2023~24,LightGBM,intl_구리,0.005253710654495293
농산물,2023~24,LightGBM,intl_금,0.013595773370638534
농산물,2023~24,LightGBM,intl_니켈,0.006063664063018424
농산물,2023~24,LightGBM,intl_대두,0.0009665861371053056
농산물,2023~24,LightGBM,intl_소맥,0.0010358105774515357
농산물,2023~24,LightGBM,intl_아연,0.0014545234347112263
농산물,2023~24,LightGBM,intl_알루미늄,0.002397972588565055
농산물,2023~24,LightGBM,intl_옥수수,0.004086151950179963
농산물,2023~24,LightGBM,intl_원당,0.022755314459590146
농산물,2023~24,LightGBM,intl_원면,0.0007317226770723749
농산물,2023~24,LightGBM,intl_원유_Brent,0.005030352167825308
농산물,2023~24,LightGBM,intl_원유_Dubai,0.0008843947618650003
농산물,2023~24,LightGBM,intl_원유_WTI,0.0008754026308685246
농산물,2023~24,LightGBM,intl_유연탄,0.0011595349628360945
농산물,2023~24,LightGBM,intl_천연가스,0.002005458682938604
농산물,2023~24,LightGBM,intl_철광석,0.0020629214314101226
농산물,2023~24,LightGBM,cpi_item,0.056487629865520535
농산물,2023~24,LightGBM,nutr_kcal,0.001841040841674669
농산물,2023~24,LightGBM,nutr_protein_g,0.0017996928969144948
농산물,2023~24,LightGBM,nutr_fat_g,0.0013350111744258153
농산물,2023~24,LightGBM,nutr_carb_g,0.003385055832065552
농산물,2023~24,LightGBM,nutr_sugar_g,0.000883401231216548
농산물,2023~24,LightGBM,nutr_fiber_g,0.0014527032232288545
농산물,2023~24,LightGBM,nutr_sodium_mg,0.0007593721091638887
농산물,2023~24,LightGBM,nutr_waste_pct,0.0016045300004968145
농산물,2023~24,LightGBM,garak_qty_kg,0.013608021327716371
농산물,2023~24,LightGBM,garak_price_kg,0.02483883451927924
농산물,2023~24,LightGBM,garak_amount_krw,0.007338151767052145
농산물,2023~24,LightGBM,garak_n_trades,0.006674438236912032
농산물,2023~24,LightGBM,garak_top_origin_share,0.0041668628423301825
농산물,2023~24,LightGBM,prodarea_temp_avg,0.002795851477389572
농산물,2023~24,LightGBM,prodarea_temp_max,0.0006223100375892586
농산물,2023~24,LightGBM,prodarea_temp_min,0.0033955811138657453
농산물,2023~24,LightGBM,prodarea_rain,0.0002414167428245948
농산물,2023~24,LightGBM,prodarea_sunshine_hr,0.00037788780342243804
농산물,2023~24,LightGBM,prodarea_humidity,0.0005411106310040131
농산물,2023~24,LightGBM,prodarea_wind_avg,0.00018568606394998293
농산물,2023~24,LightGBM,production_ton,0.00398852392149724
농산물,2023~24,LightGBM,cultivated_area_ha,0.002648408545055214
농산물,2023~24,LightGBM,import_kg,0.006839824767485818
농산물,2023~24,LightGBM,import_usd,0.005822436389161101
농산물,2023~24,LightGBM,export_kg,0.008432554443183792
농산물,2023~24,LightGBM,mafra_whsl_price_kg,0.003357473649974214
농산물,2023~24,LightGBM,whsl_price_kg,0.006610566548491811
농산물,2023~24,LightGBM,woy,0.018424365594787988
농산물,2023~24,LightGBM,r7,0.01358256559223252
농산물,2023~24,LightGBM,r28,0.012650109351597529
농산물,2023~24,LightGBM,r91,0.04721142531476421
농산물,2023~24,LightGBM,yoy,0.0715281273270949
농산물,2023~24,LightGBM,vol28,0.008262888510483807
농산물,2023~24,LightGBM,dev_last,0.11156145478513942
농산물,2023~24,LightGBM,ly_change,0.07894287097048333
농산물,2023~24,LightGBM,n_obs28,0.011137398847323524
농산물,2023~24,LightGBM,item_cd,0.08712304091005704
농산물,2023~24,LightGBM,food_group,0.004572131412906656
농산물,2023~24,LightGBM,se_nm,0.011217027828790497
농산물,2023~24,XGBoost,price_kg,0.08943880349397659
농산물,2023~24,XGBoost,month,0.005394418258219957
농산물,2023~24,XGBoost,dow,0.0008012588368728757
농산물,2023~24,XGBoost,wx_temp_avg,0.011880377307534218
농산물,2023~24,XGBoost,wx_temp_min,0.026791902258992195
농산물,2023~24,XGBoost,wx_temp_max,0.0015824936563149095
농산물,2023~24,XGBoost,wx_rain,0.0032266410999000072
농산물,2023~24,XGBoost,wx_rain_1h_max,0.00036277598701417446
농산물,2023~24,XGBoost,wx_sunshine_hr,0.0010735600953921676
농산물,2023~24,XGBoost,wx_solar_rad,0.005226278677582741
농산물,2023~24,XGBoost,wx_humidity,0.002450756262987852
농산물,2023~24,XGBoost,wx_wind_gust,0.0006959198508411646
농산물,2023~24,XGBoost,wx_wind_avg,0.0009736153297126293
농산물,2023~24,XGBoost,wx_snow_depth,0.00047625001752749085
농산물,2023~24,XGBoost,wx_ground_temp,0.004830848891288042
농산물,2023~24,XGBoost,usd_krw,0.018230820074677467
농산물,2023~24,XGBoost,cpi_식료품,0.005823418032377958
농산물,2023~24,XGBoost,cpi_총지수,0.004103275015950203
농산물,2023~24,XGBoost,fuel_보통휘발유,0.0014058316592127085
농산물,2023~24,XGBoost,fuel_실내등유,0.0011361362412571907
농산물,2023~24,XGBoost,fuel_자동차용_경유,0.0008910913020372391
농산물,2023~24,XGBoost,impidx_가금육,0.0012612085556611419
농산물,2023~24,XGBoost,impidx_곡류,0.0014117795508354902
농산물,2023~24,XGBoost,impidx_곡물및식량작물,0.0008435616036877036
농산물,2023~24,XGBoost,impidx_과실및채소가공품,0.010437093675136566
농산물,2023~24,XGBoost,impidx_과일,0.007569356821477413
농산물,2023~24,XGBoost,impidx_기타비식용작물,0.0065759229473769665
농산물,2023~24,XGBoost,impidx_기타식료품,0.002974381670355797
농산물,2023~24,XGBoost,impidx_기타식용작물,0.00650432612746954
농산물,2023~24,XGBoost,impidx_기타작물,0.004389212466776371
농산물,2023~24,XGBoost,impidx_낙농및육류,0.003619187278673053
농산물,2023~24,XGBoost,impidx_낙농품,0.0022544211242347956
농산물,2023~24,XGBoost,impidx_냉동건조수산물,0.0038851173594594
농산물,2023~24,XGBoost,impidx_냉동수산물,0.001144945272244513
농산물,2023~24,XGBoost,impidx_농림수산품,0.0007524342508986592
농산물,2023~24,XGBoost,impidx_농산물,0.0013502308866009116
농산물,2023~24,XGBoost,impidx_도축육,0.0012144424254074693
농산물,2023~24,XGBoost,impidx_떡_빵및과자류,0.0
농산물,2023~24,XGBoost,impidx_맥류및잡곡,0.0005291181150823832
농산물,2023~24,XGBoost,impidx_수산가공품,0.0017334631411358714
농산물,2023~24,XGBoost,impidx_수산물,0.0036521474830806255
농산물,2023~24,XGBoost,impidx_식료품,0.0009174846927635372
농산물,2023~24,XGBoost,impidx_신선수산물,0.0019765065517276525
농산물,2023~24,XGBoost,impidx_원당,0.0017563510918989778
농산물,2023~24,XGBoost,impidx_원목,0.0021337009966373444
농산물,2023~24,XGBoost,impidx_유지,0.0016024967189878225
농산물,2023~24,XGBoost,impidx_인삼및건강보조식품,0.0038234172388911247
농산물,2023~24,XGBoost,impidx_임산물,0.0005356725305318832
농산물,2023~24,XGBoost,impidx_잎담배,0.018654296174645424
농산물,2023~24,XGBoost,impidx_제당및전분,0.0009986882796511054
농산물,2023~24,XGBoost,impidx_조미료및유지,0.0006655240431427956
농산물,2023~24,XGBoost,impidx_채소및과실,0.001518897362984717
농산물,2023~24,XGBoost,impidx_천연고무,0.004880361724644899
농산물,2023~24,XGBoost,impidx_축산물,0.0010187014704570174
농산물,2023~24,XGBoost,impidx_콩류,0.0006858687847852707
농산물,2023~24,XGBoost,intl_구리,0.005468882154673338
농산물,2023~24,XGBoost,intl_금,0.013089348562061787
농산물,2023~24,XGBoost,intl_니켈,0.0067419204860925674
농산물,2023~24,XGBoost,intl_대두,0.001344408025033772
농산물,2023~24,XGBoost,intl_소맥,0.0009705784032121301
농산물,2023~24,XGBoost,intl_아연,0.0007807053625583649
농산물,2023~24,XGBoost,intl_알루미늄,0.0017656689742580056
농산물,2023~24,XGBoost,intl_옥수수,0.004102696664631367
농산물,2023~24,XGBoost,intl_원당,0.025512054562568665
농산물,2023~24,XGBoost,intl_원면,0.0008055573562160134
농산물,2023~24,XGBoost,intl_원유_Brent,0.0026413530576974154
농산물,2023~24,XGBoost,intl_원유_Dubai,0.0003600863565225154
농산물,2023~24,XGBoost,intl_원유_WTI,0.0011388930724933743
농산물,2023~24,XGBoost,intl_유연탄,0.001560971257276833
농산물,2023~24,XGBoost,intl_천연가스,0.0026992796920239925
농산물,2023~24,XGBoost,intl_철광석,0.0016135411569848657
농산물,2023~24,XGBoost,cpi_item,0.051817215979099274
농산물,2023~24,XGBoost,nutr_kcal,0.002089450368657708
농산물,2023~24,XGBoost,nutr_protein_g,0.0013035819865763187
농산물,2023~24,XGBoost,nutr_fat_g,0.0026773791760206223
농산물,2023~24,XGBoost,nutr_carb_g,0.0027393533382564783
농산물,2023~24,XGBoost,nutr_sugar_g,0.0008327936520799994
농산물,2023~24,XGBoost,nutr_fiber_g,0.0012610001722350717
농산물,2023~24,XGBoost,nutr_sodium_mg,0.000884953245986253
농산물,2023~24,XGBoost,nutr_waste_pct,0.0016083007212728262
농산물,2023~24,XGBoost,garak_qty_kg,0.01138303428888321
농산물,2023~24,XGBoost,garak_price_kg,0.026948420330882072
농산물,2023~24,XGBoost,garak_amount_krw,0.006913861259818077
농산물,2023~24,XGBoost,garak_n_trades,0.008575624786317348
농산물,2023~24,XGBoost,garak_top_origin_share,0.004057532176375389
농산물,2023~24,XGBoost,prodarea_temp_avg,0.0022386042401194572
농산물,2023~24,XGBoost,prodarea_temp_max,0.001236366806551814
농산물,2023~24,XGBoost,prodarea_temp_min,0.004179007839411497
농산물,2023~24,XGBoost,prodarea_rain,9.876544208964333e-05
농산물,2023~24,XGBoost,prodarea_sunshine_hr,0.000731896492652595
농산물,2023~24,XGBoost,prodarea_humidity,0.0003944292839150876
농산물,2023~24,XGBoost,prodarea_wind_avg,0.0002460910764057189
농산물,2023~24,XGBoost,production_ton,0.003493019612506032
농산물,2023~24,XGBoost,cultivated_area_ha,0.005157077219337225
농산물,2023~24,XGBoost,import_kg,0.007887429557740688
농산물,2023~24,XGBoost,import_usd,0.00533670699223876
농산물,2023~24,XGBoost,export_kg,0.009610549546778202
농산물,2023~24,XGBoost,mafra_whsl_price_kg,0.004613851197063923
농산물,2023~24,XGBoost,whsl_price_kg,0.009338599629700184
농산물,2023~24,XGBoost,woy,0.020360441878437996
농산물,2023~24,XGBoost,r7,0.01086365431547165
농산물,2023~24,XGBoost,r28,0.01522624958306551
농산물,2023~24,XGBoost,r91,0.04368138313293457
농산물,2023~24,XGBoost,yoy,0.06706566363573074
농산물,2023~24,XGBoost,vol28,0.00889652967453003
농산물,2023~24,XGBoost,dev_last,0.09953679889440536
농산물,2023~24,XGBoost,ly_change,0.07275471091270447
농산물,2023~24,XGBoost,n_obs28,0.013284471817314625
농산물,2023~24,XGBoost,item_cd,0.08976026624441147
농산물,2023~24,XGBoost,food_group,0.005666177719831467
농산물,2023~24,XGBoost,se_nm,0.014586089178919792
축산물,2023~24,LightGBM,price_kg,0.07045039258036224
축산물,2023~24,LightGBM,is_holiday,2.819827470811688e-05
축산물,2023~24,LightGBM,month,0.0056877929098702795
축산물,2023~24,LightGBM,dow,0.002072723458246379
축산물,2023~24,LightGBM,wx_temp_avg,0.00522022104036591
축산물,2023~24,LightGBM,wx_temp_min,0.005243202574028796
축산물,2023~24,LightGBM,wx_temp_max,0.0039054685912003977
축산물,2023~24,LightGBM,wx_rain,0.0017852982205397404
축산물,2023~24,LightGBM,wx_rain_1h_max,0.0017629547477420603
축산물,2023~24,LightGBM,wx_sunshine_hr,0.0027476644833684402
축산물,2023~24,LightGBM,wx_solar_rad,0.00314814590791192
축산물,2023~24,LightGBM,wx_humidity,0.003982638830130566
축산물,2023~24,LightGBM,wx_wind_gust,0.002406911409386418
축산물,2023~24,LightGBM,wx_wind_avg,0.0029513182623324605
축산물,2023~24,LightGBM,wx_snow_depth,0.0033516714157022756
축산물,2023~24,LightGBM,wx_ground_temp,0.007170348377721303
축산물,2023~24,LightGBM,usd_krw,0.009772842134951734
축산물,2023~24,LightGBM,cpi_식료품,0.008506012707884272
축산물,2023~24,LightGBM,cpi_총지수,0.005227194370868646
축산물,2023~24,LightGBM,fuel_보통휘발유,0.003666699146583242
축산물,2023~24,LightGBM,fuel_실내등유,0.0015278926669561718
축산물,2023~24,LightGBM,fuel_자동차용_경유,0.00142594588044316
축산물,2023~24,LightGBM,impidx_가금육,0.003324011923118692
축산물,2023~24,LightGBM,impidx_곡류,0.0012335565124418516
축산물,2023~24,LightGBM,impidx_곡물및식량작물,0.0027709725115838088
축산물,2023~24,LightGBM,impidx_과실및채소가공품,0.0019501447151637303
축산물,2023~24,LightGBM,impidx_과일,0.003742921373895346
축산물,2023~24,LightGBM,impidx_기타비식용작물,0.0010900534618272183
축산물,2023~24,LightGBM,impidx_기타식료품,0.0005082056694432955
축산물,2023~24,LightGBM,impidx_기타식용작물,0.003289994694892281
축산물,2023~24,LightGBM,impidx_기타작물,0.0016552458859797855
축산물,2023~24,LightGBM,impidx_낙농및육류,0.0019108572939771059
축산물,2023~24,LightGBM,impidx_낙농품,0.000769247907185735
축산물,2023~24,LightGBM,impidx_냉동건조수산물,0.005983429653314912
축산물,2023~24,LightGBM,impidx_냉동수산물,0.0013733763514844908
축산물,2023~24,LightGBM,impidx_농림수산품,0.001583999471806606
축산물,2023~24,LightGBM,impidx_농산물,0.0004895139868527437
축산물,2023~24,LightGBM,impidx_도축육,0.0023593523542413115
축산물,2023~24,LightGBM,impidx_떡_과자및면류,0.0
축산물,2023~24,LightGBM,impidx_맥류및잡곡,0.0006273733957676571
축산물,2023~24,LightGBM,impidx_수산가공품,0.013105886920804928
축산물,2023~24,LightGBM,impidx_수산물,0.008723952989387647
축산물,2023~24,LightGBM,impidx_수산물가공품,0.000887283709633764
축산물,2023~24,LightGBM,impidx_식료품,0.0007813827325274501
축산물,2023~24,LightGBM,impidx_신선수산물,0.0054322004269492805
축산물,2023~24,LightGBM,impidx_원당,0.002312853532522872
축산물,2023~24,LightGBM,impidx_원목,0.006420963007616898
축산물,2023~24,LightGBM,impidx_유지,0.00043598068486325317
축산물,2023~24,LightGBM,impidx_육가공품및낙농품,0.00015679686090822278
축산물,2023~24,LightGBM,impidx_인삼및건강보조식품,0.0034950365209327227
축산물,2023~24,LightGBM,impidx_임산물,0.0005135090095117679
축산물,2023~24,LightGBM,impidx_잎담배,0.00903456122739408
축산물,2023~24,LightGBM,impidx_제당및전분,0.0006532660953398921
축산물,2023~24,LightGBM,impidx_채소및과실,0.002156376148136056
축산물,2023~24,LightGBM,impidx_천연고무,0.006717278105367703
축산물,2023~24,LightGBM,impidx_축산물,0.0005146486086316895
축산물,2023~24,LightGBM,impidx_콩류,0.016892953758301504
축산물,2023~24,LightGBM,intl_구리,0.001976971482138419
축산물,2023~24,LightGBM,intl_금,0.00878720910163078
축산물,2023~24,LightGBM,intl_니켈,0.0009096764556901773
축산물,2023~24,LightGBM,intl_대두,0.0008296221353615595
축산물,2023~24,LightGBM,intl_소맥,0.001773455886961789
축산물,2023~24,LightGBM,intl_아연,0.0031504797433546793
축산물,2023~24,LightGBM,intl_알루미늄,0.0014676903420583853
축산물,2023~24,LightGBM,intl_옥수수,0.003886497785924852
축산물,2023~24,LightGBM,intl_원당,0.013933519096060115
축산물,2023~24,LightGBM,intl_원면,0.0012680701897631623
축산물,2023~24,LightGBM,intl_원유_Brent,0.002479445248148809
축산물,2023~24,LightGBM,intl_원유_Dubai,0.0006945291140127803
축산물,2023~24,LightGBM,intl_원유_WTI,0.0010011009231326192
축산물,2023~24,LightGBM,intl_유연탄,0.0030710439922910465
축산물,2023~24,LightGBM,intl_천연가스,0.005306921889585681
축산물,2023~24,LightGBM,intl_철광석,0.0019303416161810603
축산물,2023~24,LightGBM,cpi_item,0.0016603292498564067
축산물,2023~24,LightGBM,nutr_kcal,0.0018745152428281946
축산물,2023~24,LightGBM,nutr_protein_g,0.0019816235073780645
축산물,2023~24,LightGBM,nutr_fat_g,0.0003276572765801647
축산물,2023~24,LightGBM,nutr_carb_g,0.007124729786599284
축산물,2023~24,LightGBM,nutr_sodium_mg,0.0014709609435250347
축산물,2023~24,LightGBM,nutr_waste_pct,0.0012793827490551165
축산물,2023~24,LightGBM,disease_cases,0.0002509375727586031
축산물,2023~24,LightGBM,disease_heads,0.0
축산물,2023~24,LightGBM,disease_all_cases,0.0006270903649199248
축산물,2023~24,LightGBM,disease_all_heads,0.001792990821158647
축산물,2023~24,LightGBM,census_heads,0.016847102789913346
축산물,2023~24,LightGBM,census_farms,0.019051419840004833
축산물,2023~24,LightGBM,auction_heads,0.007644041503347256
축산물,2023~24,LightGBM,auction_price_kg,0.017214734536735134
축산물,2023~24,LightGBM,stock_ton,0.0072185124344739445
축산물,2023~24,LightGBM,pig_auction_rep_kg,0.012075751504524107
축산물,2023~24,LightGBM,pig_auction_skinned_kg,0.0018157686795753
축산물,2023~24,LightGBM,pig_auction_price_kg,0.00805976135647454
축산물,2023~24,LightGBM,import_kg,0.011193232015500657
축산물,2023~24,LightGBM,import_usd,0.015995422254095917
축산물,2023~24,LightGBM,export_kg,0.014820491915929948
축산물,2023~24,LightGBM,woy,0.015938250329153032
축산물,2023~24,LightGBM,r7,0.06179190616989124
축산물,2023~24,LightGBM,r28,0.05760199473654421
축산물,2023~24,LightGBM,r91,0.10151348102208448
축산물,2023~24,LightGBM,yoy,0.0797865857734751
축산물,2023~24,LightGBM,vol28,0.04209587551545902
축산물,2023~24,LightGBM,dev_last,0.141011770856606
축산물,2023~24,LightGBM,ly_change,0.009496776936423704
축산물,2023~24,LightGBM,n_obs28,0.008054757533149156
축산물,2023~24,LightGBM,item_cd,0.014700739767608533
축산물,2023~24,LightGBM,food_group,0.00027610451896440096
축산물,2023~24,LightGBM,se_nm,0.0
축산물,2023~24,XGBoost,price_kg,0.0888310968875885
축산물,2023~24,XGBoost,is_holiday,0.0008280558395199478
축산물,2023~24,XGBoost,month,0.008123544044792652
축산물,2023~24,XGBoost,dow,0.0014431874733418226
축산물,2023~24,XGBoost,wx_temp_avg,0.004604940768331289
축산물,2023~24,XGBoost,wx_temp_min,0.004886984825134277
축산물,2023~24,XGBoost,wx_temp_max,0.0024744144175201654
축산물,2023~24,XGBoost,wx_rain,0.0024193567223846912
축산물,2023~24,XGBoost,wx_rain_1h_max,0.0007691030041314662
축산물,2023~24,XGBoost,wx_sunshine_hr,0.002446254249662161
축산물,2023~24,XGBoost,wx_solar_rad,0.003232245799154043
축산물,2023~24,XGBoost,wx_humidity,0.002784212352707982
축산물,2023~24,XGBoost,wx_wind_gust,0.0014006249839439988
축산물,2023~24,XGBoost,wx_wind_avg,0.003402282949537039
축산물,2023~24,XGBoost,wx_snow_depth,0.0019622724503278732
축산물,2023~24,XGBoost,wx_ground_temp,0.006449150387197733
축산물,2023~24,XGBoost,usd_krw,0.009842970408499241
축산물,2023~24,XGBoost,cpi_식료품,0.009669977240264416
축산물,2023~24,XGBoost,cpi_총지수,0.007852288894355297
축산물,2023~24,XGBoost,fuel_보통휘발유,0.0018937871791422367
축산물,2023~24,XGBoost,fuel_실내등유,0.004143586382269859
축산물,2023~24,XGBoost,fuel_자동차용_경유,0.0009936168789863586
축산물,2023~24,XGBoost,impidx_가금육,0.0015505750197917223
축산물,2023~24,XGBoost,impidx_곡류,0.001032645464874804
축산물,2023~24,XGBoost,impidx_곡물및식량작물,0.004462086595594883
축산물,2023~24,XGBoost,impidx_과실및채소가공품,0.002201412571594119
축산물,2023~24,XGBoost,impidx_과일,0.004882026929408312
축산물,2023~24,XGBoost,impidx_기타비식용작물,0.0014611291699111462
축산물,2023~24,XGBoost,impidx_기타식료품,0.0008947069873102009
축산물,2023~24,XGBoost,impidx_기타식용작물,0.0013820630265399814
축산물,2023~24,XGBoost,impidx_기타작물,0.0008252298575825989
축산물,2023~24,XGBoost,impidx_낙농및육류,0.0011094332439824939
축산물,2023~24,XGBoost,impidx_낙농품,0.0008838336798362434
축산물,2023~24,XGBoost,impidx_냉동건조수산물,0.008346911519765854
축산물,2023~24,XGBoost,impidx_냉동수산물,0.0029208778869360685
축산물,2023~24,XGBoost,impidx_농림수산품,0.0009625631500966847
축산물,2023~24,XGBoost,impidx_농산물,0.00034489863901399076
축산물,2023~24,XGBoost,impidx_도축육,0.00406885240226984
축산물,2023~24,XGBoost,impidx_떡_과자및면류,0.0
축산물,2023~24,XGBoost,impidx_맥류및잡곡,0.0006932666874490678
축산물,2023~24,XGBoost,impidx_수산가공품,0.0036512291990220547
축산물,2023~24,XGBoost,impidx_수산물,0.007297398988157511
축산물,2023~24,XGBoost,impidx_수산물가공품,0.00046430688234977424
축산물,2023~24,XGBoost,impidx_식료품,0.0007721809088252485
축산물,2023~24,XGBoost,impidx_신선수산물,0.005927912890911102
축산물,2023~24,XGBoost,impidx_원당,0.004821642767637968
축산물,2023~24,XGBoost,impidx_원목,0.002494812710210681
축산물,2023~24,XGBoost,impidx_유지,0.0010953966993838549
축산물,2023~24,XGBoost,impidx_육가공품및낙농품,8.303399226861075e-05
축산물,2023~24,XGBoost,impidx_인삼및건강보조식품,0.003452966222539544
축산물,2023~24,XGBoost,impidx_임산물,0.0006260453374125063
축산물,2023~24,XGBoost,impidx_잎담배,0.0076349289156496525
축산물,2023~24,XGBoost,impidx_제당및전분,0.0004961539525538683
축산물,2023~24,XGBoost,impidx_채소및과실,0.0009571858099661767
축산물,2023~24,XGBoost,impidx_천연고무,0.011707572266459465
축산물,2023~24,XGBoost,impidx_축산물,0.000332734634866938
축산물,2023~24,XGBoost,impidx_콩류,0.009564881213009357
축산물,2023~24,XGBoost,intl_구리,0.0020377887412905693
축산물,2023~24,XGBoost,intl_금,0.005917681381106377
축산물,2023~24,XGBoost,intl_니켈,0.0002808909921441227
축산물,2023~24,XGBoost,intl_대두,0.0011750300182029605
축산물,2023~24,XGBoost,intl_소맥,0.001532358000986278
축산물,2023~24,XGBoost,intl_아연,0.004224793054163456
축산물,2023~24,XGBoost,intl_알루미늄,0.0027291011065244675
축산물,2023~24,XGBoost,intl_옥수수,0.0027243441436439753
축산물,2023~24,XGBoost,intl_원당,0.013120584189891815
축산물,2023~24,XGBoost,intl_원면,0.0008719061152078211
축산물,2023~24,XGBoost,intl_원유_Brent,0.0017023289110511541
축산물,2023~24,XGBoost,intl_원유_Dubai,0.0007676322711631656
축산물,2023~24,XGBoost,intl_원유_WTI,0.00028703350108116865
축산물,2023~24,XGBoost,intl_유연탄,0.004933500196784735
축산물,2023~24,XGBoost,intl_천연가스,0.005845095496624708
축산물,2023~24,XGBoost,intl_철광석,0.0024975803680717945
축산물,2023~24,XGBoost,cpi_item,0.002107886830344796
축산물,2023~24,XGBoost,nutr_kcal,0.001941364724189043
축산물,2023~24,XGBoost,nutr_protein_g,0.0018855370581150055
축산물,2023~24,XGBoost,nutr_fat_g,0.00022902325144968927
축산물,2023~24,XGBoost,nutr_carb_g,0.0034149528946727514
축산물,2023~24,XGBoost,nutr_sodium_mg,0.0012545818462967873
축산물,2023~24,XGBoost,nutr_waste_pct,0.001197857316583395
축산물,2023~24,XGBoost,disease_cases,4.4287364289630204e-05
축산물,2023~24,XGBoost,disease_heads,0.0
축산물,2023~24,XGBoost,disease_all_cases,0.0007165444549173117
축산물,2023~24,XGBoost,disease_all_heads,0.0008696371805854142
축산물,2023~24,XGBoost,census_heads,0.018405573442578316
축산물,2023~24,XGBoost,census_farms,0.0242389515042305
축산물,2023~24,XGBoost,auction_heads,0.012217801064252853
축산물,2023~24,XGBoost,auction_price_kg,0.019273143261671066
축산물,2023~24,XGBoost,stock_ton,0.015302269719541073
축산물,2023~24,XGBoost,pig_auction_rep_kg,0.012069020420312881
축산물,2023~24,XGBoost,pig_auction_skinned_kg,0.002134034875780344
축산물,2023~24,XGBoost,pig_auction_price_kg,0.005511435680091381
축산물,2023~24,XGBoost,import_kg,0.015012345276772976
축산물,2023~24,XGBoost,import_usd,0.015481986105442047
축산물,2023~24,XGBoost,export_kg,0.010745272971689701
축산물,2023~24,XGBoost,woy,0.022150438278913498
축산물,2023~24,XGBoost,r7,0.0562250092625618
축산물,2023~24,XGBoost,r28,0.051219526678323746
축산물,2023~24,XGBoost,r91,0.10207518190145493
축산물,2023~24,XGBoost,yoy,0.06924907863140106
축산물,2023~24,XGBoost,vol28,0.037047043442726135
축산물,2023~24,XGBoost,dev_last,0.12926717102527618
축산물,2023~24,XGBoost,ly_change,0.011671096086502075
축산물,2023~24,XGBoost,n_obs28,0.01096983440220356
축산물,2023~24,XGBoost,item_cd,0.025080936029553413
축산물,2023~24,XGBoost,food_group,0.0004866677045356482
축산물,2023~24,XGBoost,se_nm,0.0
수산물,2023~24,LightGBM,price_kg,0.08679295808879776
수산물,2023~24,LightGBM,month,0.0020618923279528325
수산물,2023~24,LightGBM,dow,0.0004919031324830302
수산물,2023~24,LightGBM,wx_temp_avg,0.004362834211958447
수산물,2023~24,LightGBM,wx_temp_min,0.002875329225857683
수산물,2023~24,LightGBM,wx_temp_max,0.0015409129246133808
수산물,2023~24,LightGBM,wx_rain,0.0012201157184410123
수산물,2023~24,LightGBM,wx_rain_1h_max,0.0006322408474213565
수산물,2023~24,LightGBM,wx_sunshine_hr,0.0012078350419209916
수산물,2023~24,LightGBM,wx_solar_rad,0.0016998637492273377
수산물,2023~24,LightGBM,wx_humidity,0.0014906288268510363
수산물,2023~24,LightGBM,wx_wind_gust,0.0009268322192831029
수산물,2023~24,LightGBM,wx_wind_avg,0.0007193745821653264
수산물,2023~24,LightGBM,wx_snow_depth,0.0005771176646848522
수산물,2023~24,LightGBM,wx_ground_temp,0.0028038475124090778
수산물,2023~24,LightGBM,usd_krw,0.007900777670456023
수산물,2023~24,LightGBM,cpi_식료품,0.023772070019457903
수산물,2023~24,LightGBM,cpi_총지수,0.004654161277597314
수산물,2023~24,LightGBM,fuel_보통휘발유,0.0023956648295485076
수산물,2023~24,LightGBM,fuel_실내등유,0.002865533997011158
수산물,2023~24,LightGBM,fuel_자동차용_경유,0.0017292301845472893
수산물,2023~24,LightGBM,impidx_가금육,0.00221178423209851
수산물,2023~24,LightGBM,impidx_곡류,0.002075233731122866
수산물,2023~24,LightGBM,impidx_곡물및식량작물,0.001379557810597894
수산물,2023~24,LightGBM,impidx_과실및채소가공품,0.010915613398645548
수산물,2023~24,LightGBM,impidx_과일,0.004729766087905562
수산물,2023~24,LightGBM,impidx_기타비식용작물,0.004464858858190719
수산물,2023~24,LightGBM,impidx_기타식료품,0.006377052152859341
수산물,2023~24,LightGBM,impidx_기타식용작물,0.030543557255093837
수산물,2023~24,LightGBM,impidx_기타작물,0.0031360770373667795
수산물,2023~24,LightGBM,impidx_낙농및육류,0.0036742549277866
수산물,2023~24,LightGBM,impidx_낙농품,0.0015799299816114535
수산물,2023~24,LightGBM,impidx_냉동건조수산물,0.0034127138180795546
수산물,2023~24,LightGBM,impidx_냉동수산물,0.0007036573031703085
수산물,2023~24,LightGBM,impidx_농림수산품,0.0014544639814416977
수산물,2023~24,LightGBM,impidx_농산물,0.0018077111734460228
수산물,2023~24,LightGBM,impidx_도축육,0.001866742873451851
수산물,2023~24,LightGBM,impidx_맥류및잡곡,0.0008371477883818634
수산물,2023~24,LightGBM,impidx_수산가공품,0.004340809298719873
수산물,2023~24,LightGBM,impidx_수산물,0.0028898458260951517
수산물,2023~24,LightGBM,impidx_수산물가공품,0.0005801156842967396
수산물,2023~24,LightGBM,impidx_식료품,0.00275091653423911
수산물,2023~24,LightGBM,impidx_신선수산물,0.0024617119533455714
수산물,2023~24,LightGBM,impidx_원당,0.004313141053586304
수산물,2023~24,LightGBM,impidx_원목,0.0020820664312507313
수산물,2023~24,LightGBM,impidx_유지,0.0013100884705041528
수산물,2023~24,LightGBM,impidx_인삼및건강보조식품,0.0015562696884857574
수산물,2023~24,LightGBM,impidx_임산물,0.0013294463437094272
수산물,2023~24,LightGBM,impidx_잎담배,0.0130472796603894
수산물,2023~24,LightGBM,impidx_제당및전분,0.0005175098058169903
수산물,2023~24,LightGBM,impidx_채소및과실,0.0008440585630125841
수산물,2023~24,LightGBM,impidx_천연고무,0.004784927917307143
수산물,2023~24,LightGBM,impidx_축산물,0.0002142854001515459
수산물,2023~24,LightGBM,impidx_콩류,0.0013760466669225353
수산물,2023~24,LightGBM,intl_구리,0.003925671151468361
수산물,2023~24,LightGBM,intl_금,0.010429149810477946
수산물,2023~24,LightGBM,intl_니켈,0.0006935486180184522
수산물,2023~24,LightGBM,intl_대두,0.001518009947363973
수산물,2023~24,LightGBM,intl_소맥,0.002282042098385783
수산물,2023~24,LightGBM,intl_아연,0.0017414447021516458
수산물,2023~24,LightGBM,intl_알루미늄,0.0026401802616244957
수산물,2023~24,LightGBM,intl_옥수수,0.00211407303779431
수산물,2023~24,LightGBM,intl_원당,0.008899179112040958
수산물,2023~24,LightGBM,intl_원면,0.004223249393939943
수산물,2023~24,LightGBM,intl_원유_Brent,0.0014794097782534796
수산물,2023~24,LightGBM,intl_원유_Dubai,0.0013446882805859437
수산물,2023~24,LightGBM,intl_원유_WTI,0.0009931666782705374
수산물,2023~24,LightGBM,intl_유연탄,0.00270822242681493
수산물,2023~24,LightGBM,intl_천연가스,0.002169433762110891
수산물,2023~24,LightGBM,intl_철광석,0.002586051484456466
수산물,2023~24,LightGBM,cpi_item,0.02812308891880756
수산물,2023~24,LightGBM,nutr_kcal,0.002646466054047997
수산물,2023~24,LightGBM,nutr_protein_g,0.002929620168398831
수산물,2023~24,LightGBM,nutr_fat_g,0.0028664703578110975
수산물,2023~24,LightGBM,nutr_carb_g,0.0016292357844426538
수산물,2023~24,LightGBM,nutr_sugar_g,0.005564481955215204
수산물,2023~24,LightGBM,nutr_sodium_mg,0.004754509995822131
수산물,2023~24,LightGBM,nutr_waste_pct,0.00170971108849359
수산물,2023~24,LightGBM,sea_temp_south,0.003969532515769616
수산물,2023~24,LightGBM,sea_temp_east,0.0040195559493631785
수산물,2023~24,LightGBM,sea_temp_west,0.0055947398930268
수산물,2023~24,LightGBM,catch_ton,0.01090806349147064
수산물,2023~24,LightGBM,catch_value_kkrw,0.014639737167255347
수산물,2023~24,LightGBM,redtide_reports,0.00012520828940204017
수산물,2023~24,LightGBM,redtide_areas,9.828614704387454e-05
수산물,2023~24,LightGBM,redtide_density_max,0.000387078513957356
수산물,2023~24,LightGBM,jellyfish_reports,0.00014653553956030588
수산물,2023~24,LightGBM,buoy_wind_avg,0.000896446298255798
수산물,2023~24,LightGBM,buoy_temp_max,0.0030515288076335538
수산물,2023~24,LightGBM,coast_temp_avg,0.002786461360780384
수산물,2023~24,LightGBM,coast_temp_n_stations,0.0011249078702331118
수산물,2023~24,LightGBM,closed_season,0.0006692028775398881
수산물,2023~24,LightGBM,closed_window,0.00010487667528537467
수산물,2023~24,LightGBM,days_to_closed_start,0.010553451253981603
수산물,2023~24,LightGBM,farm_temp_s,0.003972852021743579
수산물,2023~24,LightGBM,farm_temp_b,0.005009153672507659
수산물,2023~24,LightGBM,farm_sal_s,0.004260546604925638
수산물,2023~24,LightGBM,farm_do_s,0.009135779232305694
수산물,2023~24,LightGBM,farm_do_b,0.004251214395362513
수산물,2023~24,LightGBM,farm_cod_s,0.004459496285013829
수산물,2023~24,LightGBM,farm_din_s,0.0048935181459029125
수산물,2023~24,LightGBM,farm_dip_s,0.0031090711042354186
수산물,2023~24,LightGBM,farm_chl_s,0.0034951293309751323
수산물,2023~24,LightGBM,farm_ss_s,0.0024304572782351515
수산물,2023~24,LightGBM,farmitem_temp_s,0.002012792654232998
수산물,2023~24,LightGBM,farmitem_temp_b,0.0003035087315407627
수산물,2023~24,LightGBM,farmitem_sal_s,0.0008529210195184407
수산물,2023~24,LightGBM,farmitem_do_s,0.0005689667808370432
수산물,2023~24,LightGBM,farmitem_do_b,0.019507934032505007
수산물,2023~24,LightGBM,farmitem_cod_s,0.004559834241468604
수산물,2023~24,LightGBM,farmitem_din_s,0.0010033428870343183
수산물,2023~24,LightGBM,farmitem_dip_s,0.0013995948321731395
수산물,2023~24,LightGBM,farmitem_chl_s,0.0029310434093779373
수산물,2023~24,LightGBM,farmitem_ss_s,0.0012711997102780271
수산물,2023~24,LightGBM,import_kg,0.015808460053554844
수산물,2023~24,LightGBM,import_usd,0.00669719405130931
수산물,2023~24,LightGBM,export_kg,0.011516530390277292
수산물,2023~24,LightGBM,mafra_whsl_price_kg,0.012779102036548105
수산물,2023~24,LightGBM,whsl_price_kg,0.012796768838918827
수산물,2023~24,LightGBM,woy,0.0044796253964803755
수산물,2023~24,LightGBM,r7,0.05264192429258319
수산물,2023~24,LightGBM,r28,0.05832628610518403
수산물,2023~24,LightGBM,r91,0.03445417889241906
수산물,2023~24,LightGBM,yoy,0.07909544739936829
수산물,2023~24,LightGBM,vol28,0.020055718567691522
수산물,2023~24,LightGBM,dev_last,0.08344012590231831
수산물,2023~24,LightGBM,ly_change,0.026251853283945206
수산물,2023~24,LightGBM,n_obs28,0.00640351310723035
수산물,2023~24,LightGBM,item_cd,0.045514578520871075
수산물,2023~24,LightGBM,food_group,0.004137771286655147
수산물,2023~24,LightGBM,se_nm,0.008836082225346308
수산물,2023~24,XGBoost,price_kg,0.0816400870680809
수산물,2023~24,XGBoost,month,0.0015231415163725615
수산물,2023~24,XGBoost,dow,0.0003663672541733831
수산물,2023~24,XGBoost,wx_temp_avg,0.0029574043583124876
수산물,2023~24,XGBoost,wx_temp_min,0.0031592873856425285
수산물,2023~24,XGBoost,wx_temp_max,0.0010208988096565008
수산물,2023~24,XGBoost,wx_rain,0.000692562956828624
수산물,2023~24,XGBoost,wx_rain_1h_max,0.00046296147047542036
수산물,2023~24,XGBoost,wx_sunshine_hr,0.0010755705880001187
수산물,2023~24,XGBoost,wx_solar_rad,0.0018001057906076312
수산물,2023~24,XGBoost,wx_humidity,0.000831722398288548
수산물,2023~24,XGBoost,wx_wind_gust,0.0009730368619784713
수산물,2023~24,XGBoost,wx_wind_avg,0.0010791294043883681
수산물,2023~24,XGBoost,wx_snow_depth,0.0002298127656104043
수산물,2023~24,XGBoost,wx_ground_temp,0.0038099116645753384
수산물,2023~24,XGBoost,usd_krw,0.006790917832404375
수산물,2023~24,XGBoost,cpi_식료품,0.011921847239136696
수산물,2023~24,XGBoost,cpi_총지수,0.005148136988282204
수산물,2023~24,XGBoost,fuel_보통휘발유,0.0014732482377439737
수산물,2023~24,XGBoost,fuel_실내등유,0.001742002204991877
수산물,2023~24,XGBoost,fuel_자동차용_경유,0.001670319470576942
수산물,2023~24,XGBoost,impidx_가금육,0.0014730242546647787
수산물,2023~24,XGBoost,impidx_곡류,0.0014006753917783499
수산물,2023~24,XGBoost,impidx_곡물및식량작물,0.0011940235272049904
수산물,2023~24,XGBoost,impidx_과실및채소가공품,0.014991041272878647
수산물,2023~24,XGBoost,impidx_과일,0.004520132206380367
수산물,2023~24,XGBoost,impidx_기타비식용작물,0.0048752520233392715
수산물,2023~24,XGBoost,impidx_기타식료품,0.0021901861764490604
수산물,2023~24,XGBoost,impidx_기타식용작물,0.025289461016654968
수산물,2023~24,XGBoost,impidx_기타작물,0.0029364756774157286
수산물,2023~24,XGBoost,impidx_낙농및육류,0.0036511337384581566
수산물,2023~24,XGBoost,impidx_낙농품,0.002793378895148635
수산물,2023~24,XGBoost,impidx_냉동건조수산물,0.0024930723011493683
수산물,2023~24,XGBoost,impidx_냉동수산물,0.0009701409726403654
수산물,2023~24,XGBoost,impidx_농림수산품,0.001013502711430192
수산물,2023~24,XGBoost,impidx_농산물,0.00152386084664613
수산물,2023~24,XGBoost,impidx_도축육,0.0034819087013602257
수산물,2023~24,XGBoost,impidx_맥류및잡곡,0.0008061316329985857
수산물,2023~24,XGBoost,impidx_수산가공품,0.003140835789963603
수산물,2023~24,XGBoost,impidx_수산물,0.0031596289481967688
수산물,2023~24,XGBoost,impidx_수산물가공품,0.000618844002019614
수산물,2023~24,XGBoost,impidx_식료품,0.0035252361558377743
수산물,2023~24,XGBoost,impidx_신선수산물,0.003365832846611738
수산물,2023~24,XGBoost,impidx_원당,0.0034595353063195944
수산물,2023~24,XGBoost,impidx_원목,0.0019811324309557676
수산물,2023~24,XGBoost,impidx_유지,0.0013707949547097087
수산물,2023~24,XGBoost,impidx_인삼및건강보조식품,0.001548134721815586
수산물,2023~24,XGBoost,impidx_임산물,0.0008249302627518773
수산물,2023~24,XGBoost,impidx_잎담배,0.019439643248915672
수산물,2023~24,XGBoost,impidx_제당및전분,0.0014530590269714594
수산물,2023~24,XGBoost,impidx_채소및과실,0.0019059753976762295
수산물,2023~24,XGBoost,impidx_천연고무,0.003194117918610573
수산물,2023~24,XGBoost,impidx_축산물,0.0008052147459238768
수산물,2023~24,XGBoost,impidx_콩류,0.001254782429896295
수산물,2023~24,XGBoost,intl_구리,0.003280556295067072
수산물,2023~24,XGBoost,intl_금,0.012303750962018967
수산물,2023~24,XGBoost,intl_니켈,0.0009318293887190521
수산물,2023~24,XGBoost,intl_대두,0.001325577381066978
수산물,2023~24,XGBoost,intl_소맥,0.0011013582115992904
수산물,2023~24,XGBoost,intl_아연,0.0018137379083782434
수산물,2023~24,XGBoost,intl_알루미늄,0.0022206432186067104
수산물,2023~24,XGBoost,intl_옥수수,0.0024216787423938513
수산물,2023~24,XGBoost,intl_원당,0.017855966463685036
수산물,2023~24,XGBoost,intl_원면,0.005185467656701803
수산물,2023~24,XGBoost,intl_원유_Brent,0.0016329452628269792
수산물,2023~24,XGBoost,intl_원유_Dubai,0.0005896316142752767
수산물,2023~24,XGBoost,intl_원유_WTI,0.0008267022203654051
수산물,2023~24,XGBoost,intl_유연탄,0.005723199341446161
수산물,2023~24,XGBoost,intl_천연가스,0.0029435702599585056
수산물,2023~24,XGBoost,intl_철광석,0.001519669545814395
수산물,2023~24,XGBoost,cpi_item,0.03387563303112984
수산물,2023~24,XGBoost,nutr_kcal,0.0016471300041303039
수산물,2023~24,XGBoost,nutr_protein_g,0.0003291740140412003
수산물,2023~24,XGBoost,nutr_fat_g,0.0010703728767111897
수산물,2023~24,XGBoost,nutr_carb_g,0.0007178958621807396
수산물,2023~24,XGBoost,nutr_sugar_g,0.004630476702004671
수산물,2023~24,XGBoost,nutr_sodium_mg,0.0014870294835418463
수산물,2023~24,XGBoost,nutr_waste_pct,0.0009986893273890018
수산물,2023~24,XGBoost,sea_temp_south,0.00290252105332911
수산물,2023~24,XGBoost,sea_temp_east,0.00471319118514657
수산물,2023~24,XGBoost,sea_temp_west,0.005034988280385733
수산물,2023~24,XGBoost,catch_ton,0.01284246239811182
수산물,2023~24,XGBoost,catch_value_kkrw,0.024419525638222694
수산물,2023~24,XGBoost,redtide_reports,0.0002665590727701783
수산물,2023~24,XGBoost,redtide_areas,9.565283107804134e-06
수산물,2023~24,XGBoost,redtide_density_max,0.00011908536544069648
수산물,2023~24,XGBoost,jellyfish_reports,0.00021987575746607035
수산물,2023~24,XGBoost,buoy_wind_avg,0.00043452612590044737
수산물,2023~24,XGBoost,buoy_temp_max,0.003012445755302906
수산물,2023~24,XGBoost,coast_temp_avg,0.0024534587282687426
수산물,2023~24,XGBoost,coast_temp_n_stations,0.0006123758503235877
수산물,2023~24,XGBoost,closed_season,0.0008395520271733403
수산물,2023~24,XGBoost,closed_window,0.00017859794024843723
수산물,2023~24,XGBoost,days_to_closed_start,0.008211935870349407
수산물,2023~24,XGBoost,farm_temp_s,0.00440717488527298
수산물,2023~24,XGBoost,farm_temp_b,0.004424956627190113
수산물,2023~24,XGBoost,farm_sal_s,0.004082053434103727
수산물,2023~24,XGBoost,farm_do_s,0.010176248848438263
수산물,2023~24,XGBoost,farm_do_b,0.0047180806286633015
수산물,2023~24,XGBoost,farm_cod_s,0.005369136575609446
수산물,2023~24,XGBoost,farm_din_s,0.0037661204114556313
수산물,2023~24,XGBoost,farm_dip_s,0.0031271609477698803
수산물,2023~24,XGBoost,farm_chl_s,0.0035070187877863646
수산물,2023~24,XGBoost,farm_ss_s,0.0026414920575916767
수산물,2023~24,XGBoost,farmitem_temp_s,0.0018411248456686735
수산물,2023~24,XGBoost,farmitem_temp_b,0.0002516871609259397
수산물,2023~24,XGBoost,farmitem_sal_s,0.0014422489330172539
수산물,2023~24,XGBoost,farmitem_do_s,0.0008699694881215692
수산물,2023~24,XGBoost,farmitem_do_b,0.01964668743312359
수산물,2023~24,XGBoost,farmitem_cod_s,0.0032893342431634665
수산물,2023~24,XGBoost,farmitem_din_s,0.0019187686266377568
수산물,2023~24,XGBoost,farmitem_dip_s,0.0012560266768559813
수산물,2023~24,XGBoost,farmitem_chl_s,0.003154205158352852
수산물,2023~24,XGBoost,farmitem_ss_s,0.0013669893378391862
수산물,2023~24,XGBoost,import_kg,0.012460875324904919
수산물,2023~24,XGBoost,import_usd,0.006504206918179989
수산물,2023~24,XGBoost,export_kg,0.011933333240449429
수산물,2023~24,XGBoost,mafra_whsl_price_kg,0.009727546013891697
수산물,2023~24,XGBoost,whsl_price_kg,0.015901891514658928
수산물,2023~24,XGBoost,woy,0.004435374401509762
수산물,2023~24,XGBoost,r7,0.048281945288181305
수산물,2023~24,XGBoost,r28,0.050377845764160156
수산물,2023~24,XGBoost,r91,0.037080854177474976
수산물,2023~24,XGBoost,yoy,0.08168201893568039
수산물,2023~24,XGBoost,vol28,0.019042300060391426
수산물,2023~24,XGBoost,dev_last,0.08148099482059479
수산물,2023~24,XGBoost,ly_change,0.026696786284446716
수산물,2023~24,XGBoost,n_obs28,0.007597075775265694
수산물,2023~24,XGBoost,item_cd,0.06297168135643005
수산물,2023~24,XGBoost,food_group,0.004886547569185495
수산물,2023~24,XGBoost,se_nm,0.00795931275933981
