도메인,분할,피처,결측%(학습),결측%(테스트)
농산물,A,garak_q14_vs_norm,50.7471051059761,9.643664110827128
농산물,A,garak_q30_vs_norm,51.43091705031745,9.643664110827128
농산물,A,origin_top_share_dev,53.61213458952848,14.138607993480756
농산물,A,pw_heavy30,46.81260553981079,45.24484201948364
농산물,A,pw_heat30,46.81260553981079,45.24484201948364
농산물,A,pw_cold30,46.81260553981079,45.24484201948364
농산물,A,pw_rain30,46.81260553981079,45.24484201948364
농산물,A,pw_temp14_anom,46.81260553981079,45.24484201948364
농산물,A,prod_yoy,55.81891519207939,45.24484201948364
농산물,A,imp_yoy,2.003013491889872,0.04167129681075675
농산물,A,imp3_yoy,5.159068619619159,0.6046968181649813
농산물,A,whsl_r7,4.734328490279891,4.5134644590139645
농산물,A,whsl_r28,5.600031462231803,5.954365299848131
농산물,B,garak_q14_vs_norm,39.86726780883679,11.22849761609712
농산물,B,garak_q30_vs_norm,40.36898106402164,11.272605070256873
농산물,B,origin_top_share_dev,43.22524797114517,14.593266261998277
농산물,B,pw_heavy30,46.520108205590624,46.51446094389952
농산물,B,pw_heat30,46.520108205590624,46.51446094389952
농산물,B,pw_cold30,46.520108205590624,46.51446094389952
농산물,B,pw_rain30,46.520108205590624,46.51446094389952
농산물,B,pw_temp14_anom,46.520108205590624,46.51446094389952
농산물,B,prod_yoy,53.12804328223625,67.59782403226146
농산물,B,imp_yoy,1.4777276825969343,0.10081703807943543
농산물,B,imp3_yoy,3.955275022542831,0.898951922874966
농산물,B,whsl_r7,4.8155094679891794,6.809350780281867
농산물,B,whsl_r28,5.765554553651938,7.987649912835269
축산물,A,census_yoy,9.2230039767513,13.848906560636182
축산물,A,census_qoq,7.754665035178954,13.848906560636182
축산물,A,cull28,0.0,0.0
축산물,A,cull90,0.0,0.0
축산물,A,auction_heads_yoy,35.31661058427654,30.926441351888666
축산물,A,auction_price_m1,34.85775466503518,30.926441351888666
축산물,A,stock_yoy,52.18721321505048,30.926441351888666
축산물,A,feed_6m,0.0,0.0
축산물,A,imp_yoy,0.4588559192413582,0.0
축산물,A,imp3_yoy,1.070663811563169,0.0
축산물,A,whsl_r7,100.0,100.0
축산물,A,whsl_r28,100.0,100.0
축산물,B,census_yoy,12.60752800973522,14.819416097257964
축산물,B,census_qoq,12.204691368385715,14.819416097257964
축산물,B,cull28,0.0,0.0
축산물,B,cull90,0.0,0.0
축산물,B,auction_heads_yoy,32.208048340396964,28.866802733161773
축산물,B,auction_price_m1,32.08216188997524,28.866802733161773
축산물,B,stock_yoy,36.83647350090219,28.866802733161773
축산물,B,feed_6m,0.0,0.0
축산물,B,imp_yoy,0.12588645042171961,0.0
축산물,B,imp3_yoy,0.2937350509840124,0.0
축산물,B,whsl_r7,100.0,100.0
축산물,B,whsl_r28,100.0,100.0
수산물,A,catch_yoy,7.784473094170403,4.128265024421321
수산물,A,catch3_yoy,9.960061659192824,4.128265024421321
수산물,A,imp_yoy,7.688130605381166,2.0641325122106604
수산물,A,imp3_yoy,9.466087443946188,2.0641325122106604
수산물,A,redtide28,0.0,0.0
수산물,A,sea14_anom_남해,0.14714125560538116,0.0
수산물,A,sea14_anom_동해,0.14714125560538116,0.0
수산물,A,sea14_anom_서해,0.14714125560538116,0.0
수산물,A,whsl_r7,15.77038957399103,16.43236355914207
수산물,A,whsl_r28,16.336182735426007,17.349755786791253
수산물,B,catch_yoy,6.33923472301542,3.006053858464964
수산물,B,catch3_yoy,7.703290427448052,3.006053858464964
수산물,B,imp_yoy,5.549576066423582,1.503026929232482
수산물,B,imp3_yoy,6.664323683170056,1.503026929232482
수산물,B,redtide28,0.0,0.0
수산물,B,sea14_anom_남해,0.09225497517901858,0.0
수산물,B,sea14_anom_동해,0.09225497517901858,0.0
수산물,B,sea14_anom_서해,0.09225497517901858,0.0
수산물,B,whsl_r7,16.65312129332689,23.957970913645536
수산물,B,whsl_r28,17.147344374643062,24.285018439913717
