분야,후보,설정,기본 RMSE,튜닝 RMSE,기본 R²,튜닝 R²,ΔRMSE (시드별),판정,초
축산물,1위 조합,"{""lgb"": {""num_leaves"": 127, ""min_child_samples"": 20, ""lr_n"": [0.03, 1000], ""colsample_bytree"": 0.6}, ""xgb"": {""max_depth"": 7, ""min_child_weight"": 20, ""lr_n"": [0.03, 1000], ""colsample_bytree"": 0.6}, ""cat"": {""depth"": 6, ""lr_n"": [0.1, 800], ""l2_leaf_reg"": 10}}",0.05932,0.05917,0.206,0.21,-0.00034 / +0.00006 / -0.00018,기준 미달,149.0
축산물,2위 조합,"{""lgb"": {""num_leaves"": 63, ""min_child_samples"": 20, ""lr_n"": [0.05, 600], ""colsample_bytree"": 0.6}, ""xgb"": {""max_depth"": 6, ""min_child_weight"": 20, ""lr_n"": [0.03, 1000], ""colsample_bytree"": 0.8}, ""cat"": {""depth"": 6, ""lr_n"": [0.05, 1500], ""l2_leaf_reg"": 10}}",0.05932,0.05917,0.206,0.2098,-0.00025 / -0.00005 / -0.00012,기준 미달,205.0
축산물,3위 조합,"{""lgb"": {""num_leaves"": 127, ""min_child_samples"": 20, ""lr_n"": [0.05, 600], ""colsample_bytree"": 0.6}, ""xgb"": {""max_depth"": 7, ""min_child_weight"": 20, ""lr_n"": [0.05, 600], ""colsample_bytree"": 0.6}, ""cat"": {""depth"": 8, ""lr_n"": [0.05, 1500], ""l2_leaf_reg"": 10}}",0.05932,0.05921,0.206,0.209,-0.00032 / +0.00007 / -0.00008,기준 미달,327.0
축산물,결론,기본값 유지,,,,,,3위까지 모두 기준 미달,
수산물,1위 조합,"{""lgb"": {""num_leaves"": 127, ""min_child_samples"": 20, ""lr_n"": [0.03, 1000], ""colsample_bytree"": 0.6}, ""xgb"": {""max_depth"": 7, ""min_child_weight"": 100, ""lr_n"": [0.03, 1000], ""colsample_bytree"": 0.6}, ""cat"": {""depth"": 8, ""lr_n"": [0.05, 1500], ""l2_leaf_reg"": 10}}",0.08106,0.08058,0.2384,0.2474,-0.00047 / -0.00048 / -0.00049,기준 미달,850.0
수산물,2위 조합,"{""lgb"": {""num_leaves"": 127, ""min_child_samples"": 100, ""lr_n"": [0.05, 600], ""colsample_bytree"": 0.6}, ""xgb"": {""max_depth"": 6, ""min_child_weight"": 100, ""lr_n"": [0.03, 1000], ""colsample_bytree"": 0.6}, ""cat"": {""depth"": 8, ""lr_n"": [0.05, 1500], ""l2_leaf_reg"": 3}}",0.08106,0.08068,0.2384,0.2455,-0.00031 / -0.00044 / -0.00038,기준 미달,830.0
수산물,3위 조합,"{""lgb"": {""num_leaves"": 63, ""min_child_samples"": 100, ""lr_n"": [0.03, 1000], ""colsample_bytree"": 0.6}, ""xgb"": {""max_depth"": 7, ""min_child_weight"": 100, ""lr_n"": [0.05, 600], ""colsample_bytree"": 0.6}, ""cat"": {""depth"": 8, ""lr_n"": [0.1, 800], ""l2_leaf_reg"": 10}}",0.08106,0.08066,0.2384,0.2458,-0.00028 / -0.00043 / -0.00048,기준 미달,495.0
수산물,결론,기본값 유지,,,,,,3위까지 모두 기준 미달,
농산물,1위 조합,"{""lgb"": {""num_leaves"": 63, ""min_child_samples"": 20, ""lr_n"": [0.03, 1000], ""colsample_bytree"": 0.6}, ""xgb"": {""max_depth"": 7, ""min_child_weight"": 100, ""lr_n"": [0.03, 1000], ""colsample_bytree"": 0.6}, ""cat"": {""depth"": 8, ""lr_n"": [0.05, 1500], ""l2_leaf_reg"": 10}}",0.12374,0.12323,0.4595,0.4639,-0.00048 / -0.00061 / -0.00044,기준 미달,3787.0
