분야,변형,시드,RMSE,R2,방향정확도,피처 수,ΔRMSE,ΔR2,시드별,판정
축산물,기준,0,0.0599,0.191,0.6967,,,,,
축산물,+ G1 지수 변화율,"0,1,2",0.0603,0.1805,0.6884,37.0,0.00029,-0.0079,+0.00029 / +0.00016 / +0.00042,차이 없음
축산물,G1′ 지수 수준 → 변화율 교체,"0,1,2",0.0602,0.1821,0.6933,35.0,0.00023,-0.0062,+0.00049 / +0.00007 / +0.00013,차이 없음
축산물,+ G2 물량 전년 동기 대비,0,0.0599,0.1913,0.692,38.0,-1e-05,0.0003,-0.00001,차이 없음
축산물,+ 전부,0,0.0601,0.1859,0.6923,42.0,0.00019,-0.0051,+0.00019,차이 없음
수산물,기준,0,0.0818,0.2237,0.7028,,,,,
수산물,+ G1 지수 변화율,0,0.0816,0.2279,0.7005,47.0,-0.00022,0.0042,-0.00022,차이 없음
수산물,G1′ 지수 수준 → 변화율 교체,"0,1,2",0.0809,0.2416,0.7135,43.0,-0.00093,0.0176,-0.00108 / -0.00066 / -0.00105,좋아짐
수산물,+ G2 물량 전년 동기 대비,0,0.0818,0.2237,0.701,42.0,0.0,-0.0001,+0.00000,차이 없음
수산물,+ G4 해양·양식장 평년 대비,0,0.0819,0.2223,0.7035,45.0,7e-05,-0.0014,+0.00007,차이 없음
수산물,+ 전부,0,0.0816,0.2275,0.7036,56.0,-0.0002,0.0037,-0.00020,차이 없음
농산물,기준,0,0.1249,0.4491,0.7567,,,,,
농산물,+ G1 지수 변화율,0,0.1254,0.4449,0.7547,50.0,0.00048,-0.0042,+0.00048,차이 없음
농산물,G1′ 지수 수준 → 변화율 교체,0,0.1253,0.4458,0.76,46.0,0.00038,-0.0033,+0.00038,차이 없음
농산물,+ G2 물량 전년 동기 대비,0,0.1246,0.4517,0.7563,44.0,-0.00029,0.0026,-0.00029,차이 없음
농산물,+ 전부,0,0.1252,0.4463,0.7544,52.0,0.00032,-0.0028,+0.00032,차이 없음
