분야,방식,일치 비율,높음(오름·내림) 비율,높음: 방향 정확도(실제 |y|>2%),높음: 라벨=실제 구간,일치 시 3구간 정확도,불일치 시 3구간 정확도
축산물,(가) 평균 라벨 + 3진 분류 일치,0.756,0.296,0.8194,0.6031,0.5494,0.4186
축산물,(나) 회귀 3종 만장일치,0.667,0.267,0.8313,0.6075,0.5535,0.4456
축산물,(나′) 회귀 3종 중 2개 이상이 평균 라벨과 같음,0.945,0.383,0.8035,0.5642,0.5232,0.4193
축산물,참고: 평균 라벨 전체,1.0,0.408,0.798,0.556,0.5175,
수산물,(가) 평균 라벨 + 3진 분류 일치,0.802,0.285,0.7964,0.6346,0.6949,0.2781
수산물,(나) 회귀 3종 만장일치,0.758,0.275,0.8181,0.6112,0.6682,0.4373
수산물,(나′) 회귀 3종 중 2개 이상이 평균 라벨과 같음,0.947,0.36,0.7937,0.5643,0.6275,0.3424
수산물,참고: 평균 라벨 전체,1.0,0.39,0.7852,0.5427,0.6123,
농산물,(가) 평균 라벨 + 3진 분류 일치,0.812,0.586,0.8201,0.7125,0.7153,0.276
농산물,(나) 회귀 3종 만장일치,0.739,0.537,0.8366,0.7161,0.705,0.4266
농산물,(나′) 회귀 3종 중 2개 이상이 평균 라벨과 같음,0.94,0.645,0.8113,0.6789,0.652,0.3277
농산물,참고: 평균 라벨 전체,1.0,0.668,0.8059,0.6709,0.6325,
