분야,평가 연도,학습 기간,학습 행,평가 행,RMSE,R²,베이스라인1 R²,방향 정확도,3구간,높음 비율,높음 방향 정확도,낮음 비율,지역 행 R²,공통 움직임 상한,실제 |y| 평균,초,방향(전체 행),방향(예측·실제 보합 제외),예측 방향 표시 비율
축산물,2023,2016~2022,139301,206329,0.04999,0.1385,0.0549,0.6765,0.5096,0.243,0.8086,0.257,0.1408,0.477,0.0344,0,0.5942,0.7774,0.224
축산물,2024,2016~2023,328296,201662,0.06877,0.2109,-0.2208,0.7177,0.5205,0.401,0.8122,0.263,0.212,0.469,0.0486,85,0.6523,0.7885,0.382
수산물,2019,2016~2018,273458,99231,0.05358,0.2431,-0.0361,0.7169,0.7428,0.164,0.8581,0.145,0.2427,0.238,0.0242,88,0.2637,0.8296,0.13
수산물,2020,2016~2019,372907,95725,0.05551,0.2383,-0.0198,0.7019,0.7537,0.146,0.8379,0.124,0.2395,0.289,0.0271,104,0.2972,0.8084,0.136
수산물,2021,2016~2020,468789,95476,0.05833,0.2975,-0.0179,0.7194,0.7376,0.16,0.8491,0.134,0.2969,0.272,0.0279,118,0.3107,0.823,0.141
수산물,2022,2016~2021,563928,88172,0.06169,0.2627,-0.0454,0.7102,0.6994,0.183,0.8333,0.143,0.267,0.326,0.034,132,0.362,0.8054,0.173
수산물,2023,2016~2022,660544,126280,0.08018,0.2846,-0.105,0.7192,0.642,0.271,0.8277,0.169,0.2855,0.303,0.051,0,0.4665,0.8028,0.272
수산물,2024,2016~2023,774234,172241,0.0808,0.2193,-0.0923,0.7116,0.6033,0.296,0.8123,0.227,0.2208,0.252,0.047,164,0.4294,0.7806,0.267
농산물,2019,2016~2018,1815099,620681,0.12835,0.2757,0.0819,0.7251,0.6064,0.484,0.8012,0.273,0.2773,0.759,0.0835,314,0.5188,0.7686,0.474
농산물,2020,2016~2019,2435115,600244,0.13684,0.4166,0.103,0.7693,0.6333,0.498,0.8493,0.271,0.4185,0.813,0.0996,411,0.5646,0.8181,0.493
농산물,2021,2016~2020,3036506,574739,0.13515,0.3569,0.0798,0.7573,0.6374,0.491,0.8353,0.259,0.3589,0.812,0.0935,501,0.5567,0.8056,0.487
농산물,2022,2016~2021,3612169,487744,0.14935,0.2896,0.0837,0.7295,0.6143,0.495,0.8037,0.293,0.2929,0.804,0.0984,588,0.559,0.7699,0.511
농산물,2023,2016~2022,4147391,576218,0.12328,0.4666,0.0582,0.7593,0.6336,0.531,0.8368,0.251,0.462,0.733,0.1009,1,0.6193,0.8076,0.544
농산물,2024,2016~2023,4675465,614674,0.12438,0.4508,0.0815,0.757,0.6284,0.551,0.8347,0.275,0.4485,0.688,0.1055,740,0.6212,0.804,0.571
