분야,feature,한글명,그룹,예측에 주는 정보 (분야 기준),산출 방식,기대 방향,결정 근거,SHAP % (통합 모델),SHAP 순위,ρ(y),결측 %,사용 분야
농산물,item_cd,품목코드,범주,배추·양파처럼 계절 진폭이 큰 품목과 쌀·견과처럼 안정적인 품목의 움직임 차이를 구분,품목 코드 (범주형),범주,유지 (상관 묶음 대표 또는 단독 역할),8.24,2/38,,0.0,공통
농산물,se_nm,소매/중도매,범주,중도매가는 산지 출하 변화를 먼저 반영하고 소매가는 늦고 완만하게 따라감,소매/중도매 (범주형),범주,유지 (상관 묶음 대표 또는 단독 역할),0.87,27/38,,0.0,농산·수산
농산물,food_group,식재료 계열,범주,엽채류·과채류·과일 등 계열별로 비슷한 계절 패턴을 공유. 조사 기간이 짧은 품목을 같은 계열 정보로 보완,식재료 계열 (범주형),범주,유지 (상관 묶음 대표 또는 단독 역할),0.46,37/38,,0.0,농산·수산
농산물,dev_last,오늘 가격/7일 평균,가격 이력·달력,"채소는 하루 사이 급등락이 잦아, 오늘 튄 가격이 향후 4주 평균에 상당 부분 이어짐",오늘 가격 / 최근 7일 평균 (log),+,유지 (상관 묶음 대표 또는 단독 역할),8.3,1/38,0.324,0.0,공통
농산물,yoy,전년 대비,가격 이력·달력,작년보다 비싸면 재배 확대·출하 증가로 내려갈 가능성,최근 7일 평균 / 1년 전 같은 2주 평균 (log),−,유지 (상관 묶음 대표 또는 단독 역할),5.7,5/38,-0.17,6.7,공통
농산물,r91,13주 변화율,가격 이력·달력,3개월 전보다 많이 오른 품목은 출하 증가로 다시 내려가는 경향,최근 7일 평균 / 13주 전 7일 평균 (log),−,유지 (상관 묶음 대표 또는 단독 역할),4.15,9/38,-0.138,13.3,공통
농산물,ly_change,작년 같은 시기 변화율,가격 이력·달력,"농산물은 제철·저장기에 따라 해마다 같은 시기에 같은 방향으로 움직여, 작년 같은 시기 변화가 강한 단서 (EDA: 상관 +0.24)",작년 같은 시기의 향후 28일 변화율 (log),+,유지 (상관 묶음 대표 또는 단독 역할),3.75,11/38,0.215,9.5,공통
농산물,r28,4주 변화율,가격 이력·달력,한 달 추세. 작황 이상으로 시작된 상승이 이어지는지 판단,최근 7일 평균 / 4주 전 7일 평균 (log),+,유지 (상관 묶음 대표 또는 단독 역할),3.09,14/38,0.028,6.9,공통
농산물,days_to_seollal,설까지 남은 일수,가격 이력·달력,설 대목 수요(과일·나물 등). 설 날짜가 음력이라 1년 내내 '음력 기준 시기' 신호로도 쓰임 (상한을 두면 성능 하락 확인),다음 설날까지 남은 일수,조건부,신규 추가: 수요 측 변수 공백,2.76,15/38,-0.102,0.0,공통
농산물,grp_r28,같은 계열 4주 변화율,가격 이력·달력,같은 식재료 계열 다른 품목들의 최근 4주 평균 가격 변화 (자기 자신 제외). 계열 전체가 함께 움직이는 공급·수요 흐름과 대체 관계,같은 날 같은 food_group 시계열들의 r28 평균 (자기 시계열 제외),+,신규 추가: 품목 간 관계 정보 공백,2.22,16/38,0.157,1.7,공통
농산물,r7,1주 변화율,가격 이력·달력,최근 1주 급변. 기상 충격 직후의 단기 움직임,최근 7일 평균 / 1주 전 7일 평균 (log),+,유지 (상관 묶음 대표 또는 단독 역할),1.9,18/38,0.129,3.2,공통
농산물,days_to_chuseok,추석까지 남은 일수,가격 이력·달력,추석 대목 수요(사과·배 등 제수 과일). 1년 내내 음력 기준 시기 신호로도 쓰임,다음 추석까지 남은 일수,조건부,신규 추가: 수요 측 변수 공백,1.86,19/38,-0.065,0.0,공통
농산물,woy,주차,가격 이력·달력,"출하 시기(햇양파 5~6월, 김장 11월 등)와 명절 수요 시점",ISO 주차 (1~53),조건부,유지 (상관 묶음 대표 또는 단독 역할),1.32,23/38,0.039,0.0,공통
농산물,n_obs28,28일 조사일 수,가격 이력·달력,계절 품종이 바뀌는 시기에는 조사가 끊김. 조사 빈도가 낮으면 가격 신뢰도 낮음,최근 28일 중 가격 조사일 수,조건부,세 분야 통일: 조사 신뢰도는 지역 기준 조사일 수 하나로 (전국 조사일 수는 제거),0.85,30/38,0.036,0.0,
농산물,vol28,28일 변동성,가격 이력·달력,변동성이 큰 엽채류는 향후 변화 폭도 큼,최근 28일 일별 가격 변화율(log)의 표준편차,조건부,유지 (상관 묶음 대표 또는 단독 역할),0.7,31/38,-0.01,4.2,공통
농산물,price_kg,오늘 가격(원/kg),가격·수급,품목 내에서 지금 가격이 높은 구간인지. 높을수록 내려갈 여지,"그날 전국 시장 가격의 중앙값 (원/kg, 단위 환산 후)",−,유지 (상관 묶음 대표 또는 단독 역할),7.51,3/38,-0.088,0.0,공통
농산물,garak_price_kg,가락 정산가,가격·수급,"가락시장 정산가. 국내 최대 도매시장 가격, 소매가의 선행 신호",가락시장 그날 평균 정산가 (원/kg),+,유지 (상관 묶음 대표 또는 단독 역할),3.37,12/38,-0.02,37.0,농산
농산물,export_kg,수출량,가격·수급,수출(인삼·김치용 채소 등)이 늘면 국내 공급 감소,품목 HS코드 수출 중량 kg,+,유지 (상관 묶음 대표 또는 단독 역할),1.07,24/38,0.037,0.0,공통
농산물,garak_n_trades,가락 정산 건수,가격·수급,가락시장 거래 건수. 출하 활발도,가락시장 그날 정산 건수,−,유지 (상관 묶음 대표 또는 단독 역할),0.94,25/38,-0.024,31.6,농산
농산물,whsl_price_kg,aT 중도매가,가격·수급,aT 중도매가. 도매가가 먼저 움직이고 소매가가 따라가는 선행 신호,"같은 품목의 그날 aT 중도매 가격 (원/kg, 품목 내 중앙값)",+,유지 (상관 묶음 대표 또는 단독 역할),0.86,28/38,-0.036,5.0,농산·수산
농산물,garak_top_origin_share,가락 주산지 반입 비중,가격·수급,주산지 반입 비중. 주산지 출하가 줄면 공급 이상 신호,그날 가락 반입 중 주 원산지 비중 (0~1),조건부,유지 (상관 묶음 대표 또는 단독 역할),0.62,33/38,0.021,37.3,농산
농산물,wx_temp_avg_nat_prod,평균기온 (전국·주산지),기상,생육 속도와 출하 시기. 전국과 주산지 기온을 함께 반영,"wx_temp_avg, prodarea_temp_avg → 같은 단위라 그대로 평균 (있는 값만)",조건부,같은 역할 세부 피처 통합: wx_temp_avg·prodarea_temp_avg,4.17,8/38,0.052,0.0,농산
농산물,wx_rain_nat_prod,강수량 (전국·주산지),기상,장마·호우로 인한 수확·출하 차질과 품질 저하,"wx_rain, prodarea_rain → 같은 단위라 그대로 평균 (있는 값만)",+,같은 역할 세부 피처 통합: wx_rain·prodarea_rain,0.61,34/38,0.071,0.0,농산
농산물,wx_gust20_station_share_14d,강풍 관측소 비율 (최근 14일 최대),기상,태풍·강풍 감지. 평소 0이다가 강풍이 오면 켜짐 → 과일 낙과·시설 피해로 이어지는 공급 충격,전국 ASOS 관측소 중 그날 순간최대풍속 20m/s 이상인 비율 → 최근 14일 최댓값,+,"태풍 감지 피처로 교체: 바람 지수(일 평균)는 태풍 신호가 묽어짐. 강풍 직후 행에서 SHAP 0.43%→1.07%, 성능 차이 없음",0.57,35/38,-0.031,0.0,농산
농산물,wx_sun_solar_hr_nat_prod,"일조 지수 (일사량·일조시간, 전국·주산지)",기상,광합성·생육량. 일조 부족 시 시설채소·과일 작황 저하,"wx_solar_rad, wx_sunshine_hr, prodarea_sunshine_hr → 각각 학습기간(2016~2022) 평균으로 나눠 1로 맞춘 뒤 평균 (있는 값만)",−,같은 역할 세부 피처 통합: wx_solar_rad·wx_sunshine_hr·prodarea_sunshine_hr,0.28,38/38,-0.051,0.0,농산
농산물,cpi_item,품목 소비자물가,경제,그 품목의 소매 물가가 이미 높으면 이후 덜 오르는 경향,"품목 자신의 소비자물가지수 (2020=100, CPI 품목명이 같을 때만)",−,유지 (상관 묶음 대표 또는 단독 역할),6.49,4/38,-0.226,31.8,농산·수산
농산물,impidx_과실및채소가공품,수입물가 과실및채소가공품,경제,수입 김치·냉동채소·과일 가공품 가격(프록시). 급식·외식에서 국산 채소·과일을 대체하는 정도,"수입물가지수 (ECOS). 과일·채소 계열에만 적용, 곡류·두류·견과는 해당 없음(-1)",+,유지 (상관 묶음 대표 또는 단독 역할),3.34,13/38,-0.008,0.0,농산
농산물,usd_krw,원/달러 환율,경제,환율이 오르면 수입 농산물·비료·농자재 원가 상승,원/달러 환율 (주말·휴일은 직전 영업일),+,유지 (상관 묶음 대표 또는 단독 역할),2.07,17/38,-0.007,0.0,공통
농산물,impidx_농산물,수입물가 농산물,경제,농산물 수입 가격 전반,"수입물가지수 (ECOS, 품목군별)",+,유지 (상관 묶음 대표 또는 단독 역할),1.36,21/38,-0.022,0.0,농산
농산물,premium,지역 프리미엄,통합 모델 전용,지역 가격이 전국보다 비싸거나 싼 정도. 벌어진 차이는 전국 수준으로 되돌아가는 경향,지역 7일 평균 / 전국 7일 평균 − 1 (전국 행은 0),−,통합 모델 구성 요소,5.53,6/38,-0.169,0.0,공통
농산물,nat_dev_last,전국 오늘 가격/7일 평균,통합 모델 전용,지역 행에서 전국 시장의 오늘 가격/7일 평균. 지역 가격이 전국 흐름을 따라가는 정도를 함께 학습 (전국 행에서는 자기 값과 같음),같은 시계열 전국 가격의 dev_last (전국 행은 dev_last와 동일),+,통합 모델 구성 요소,5.31,7/38,0.3,0.0,공통
농산물,nat_ly_change,전국 작년 같은 시기 변화율,통합 모델 전용,지역 행에서 전국 시장의 작년 같은 시기 변화율. 지역 가격이 전국 흐름을 따라가는 정도를 함께 학습 (전국 행에서는 자기 값과 같음),같은 시계열 전국 가격의 ly_change (전국 행은 ly_change와 동일),+,통합 모델 구성 요소,4.02,10/38,0.228,4.9,공통
농산물,nat_yoy,전국 전년 대비,통합 모델 전용,지역 행에서 전국 시장의 전년 대비. 지역 가격이 전국 흐름을 따라가는 정도를 함께 학습 (전국 행에서는 자기 값과 같음),같은 시계열 전국 가격의 yoy (전국 행은 yoy와 동일),−,통합 모델 구성 요소,1.46,20/38,-0.107,2.7,공통
농산물,sgg_nm,지역,통합 모델 전용,지역별 유통 구조·가격 수준 차이. 전국 행은 '전국',"시군구 이름 (범주형, 전국 행은 '전국')",범주,통합 모델 구성 요소,1.33,22/38,,0.0,공통
농산물,nat_r7,전국 1주 변화율,통합 모델 전용,지역 행에서 전국 시장의 1주 변화율. 지역 가격이 전국 흐름을 따라가는 정도를 함께 학습 (전국 행에서는 자기 값과 같음),같은 시계열 전국 가격의 r7 (전국 행은 r7와 동일),+,통합 모델 구성 요소,0.89,26/38,0.192,2.6,공통
농산물,nat_r91,전국 13주 변화율,통합 모델 전용,지역 행에서 전국 시장의 13주 변화율. 지역 가격이 전국 흐름을 따라가는 정도를 함께 학습 (전국 행에서는 자기 값과 같음),같은 시계열 전국 가격의 r91 (전국 행은 r91와 동일),−,통합 모델 구성 요소,0.86,28/38,-0.078,11.0,공통
농산물,nat_r28,전국 4주 변화율,통합 모델 전용,지역 행에서 전국 시장의 4주 변화율. 지역 가격이 전국 흐름을 따라가는 정도를 함께 학습 (전국 행에서는 자기 값과 같음),같은 시계열 전국 가격의 r28 (전국 행은 r28와 동일),+,통합 모델 구성 요소,0.67,32/38,0.11,5.5,공통
농산물,nat_vol28,전국 28일 변동성,통합 모델 전용,지역 행에서 전국 시장의 28일 변동성. 지역 가격이 전국 흐름을 따라가는 정도를 함께 학습 (전국 행에서는 자기 값과 같음),같은 시계열 전국 가격의 vol28 (전국 행은 vol28와 동일),조건부,통합 모델 구성 요소,0.47,36/38,-0.02,3.0,공통
축산물,item_cd,품목코드,범주,소·돼지·닭·계란·우유·수입육은 공급 구조와 가격 형성 방식이 완전히 다름,품목 코드 (범주형),범주,유지 (상관 묶음 대표 또는 단독 역할),3.61,8/33,,0.0,공통
축산물,dev_last,오늘 가격/7일 평균,가격 이력·달력,오늘 가격의 튐. 축산물은 소매가가 계단식으로 바뀌어 오늘 바뀐 가격이 그대로 이어지는 경우가 많음,오늘 가격 / 최근 7일 평균 (log),+,유지 (상관 묶음 대표 또는 단독 역할),14.61,1/33,0.257,0.0,공통
축산물,r91,13주 변화율,가격 이력·달력,"3개월 추세. 돼지고기는 여름 성수기 이후, 계란은 AI 이후 되돌아가는 평균 회귀가 강함 (EDA: 직전 변화와 상관 −0.27)",최근 7일 평균 / 13주 전 7일 평균 (log),−,유지 (상관 묶음 대표 또는 단독 역할),6.39,3/33,-0.289,15.2,공통
축산물,ly_change,작년 같은 시기 변화율,가격 이력·달력,돼지고기의 여름 상승처럼 일부 계절 반복,작년 같은 시기의 향후 28일 변화율 (log),+,유지 (상관 묶음 대표 또는 단독 역할),3.17,9/33,-0.009,36.3,공통
축산물,vol28,28일 변동성,가격 이력·달력,변동성. 질병 발생기에는 크게 흔들림,최근 28일 일별 가격 변화율(log)의 표준편차,조건부,유지 (상관 묶음 대표 또는 단독 역할),2.89,11/33,-0.037,2.8,공통
축산물,r7,1주 변화율,가격 이력·달력,최근 1주 추세,최근 7일 평균 / 1주 전 7일 평균 (log),+,유지 (상관 묶음 대표 또는 단독 역할),2.45,14/33,-0.02,2.8,공통
축산물,yoy,전년 대비,가격 이력·달력,작년보다 비싸면 사육 확대로 내려갈 가능성,최근 7일 평균 / 1년 전 같은 2주 평균 (log),−,유지 (상관 묶음 대표 또는 단독 역할),2.34,16/33,-0.078,34.2,공통
축산물,r28,4주 변화율,가격 이력·달력,한 달 추세. 축산물은 되돌림 성향이 강해 오른 뒤 내려가는 경향,최근 7일 평균 / 4주 전 7일 평균 (log),−,유지 (상관 묶음 대표 또는 단독 역할),2.29,17/33,-0.141,7.9,공통
축산물,days_to_seollal,설까지 남은 일수,가격 이력·달력,설 대목 수요(소고기 선물·제수용). 명절 날짜가 해마다 바뀌어 주차로는 잡히지 않는 수요 시점,다음 설날까지 남은 일수,조건부,신규 추가: 수요 측 변수 공백,1.94,18/33,0.002,0.0,공통
축산물,grp_r28,같은 계열 4주 변화율,가격 이력·달력,같은 식재료 계열 다른 품목들의 최근 4주 평균 가격 변화 (자기 자신 제외). 계열 전체가 함께 움직이는 공급·수요 흐름과 대체 관계,같은 날 같은 food_group 시계열들의 r28 평균 (자기 시계열 제외),+,신규 추가: 품목 간 관계 정보 공백,1.82,22/33,0.002,7.5,공통
축산물,woy,주차,가격 이력·달력,"행락철·여름 바비큐 시즌(돼지), 명절(소) 같은 수요 시점",ISO 주차 (1~53),조건부,유지 (상관 묶음 대표 또는 단독 역할),1.81,23/33,0.001,0.0,공통
축산물,days_to_chuseok,추석까지 남은 일수,가격 이력·달력,추석 대목 수요(소고기 선물·제수용),다음 추석까지 남은 일수,조건부,신규 추가: 수요 측 변수 공백,1.6,25/33,0.019,0.0,공통
축산물,n_obs28,28일 조사일 수,가격 이력·달력,조사 빈도,최근 28일 중 가격 조사일 수,조건부,세 분야 통일: 조사 신뢰도는 지역 기준 조사일 수 하나로 (전국 조사일 수는 제거),0.32,33/33,-0.014,0.0,
축산물,price_kg,오늘 가격(원/kg),가격·수급,현재 가격 수준. 높을수록 되돌아갈 여지,"그날 전국 시장 가격의 중앙값 (원/kg, 단위 환산 후)",−,유지 (상관 묶음 대표 또는 단독 역할),5.89,4/33,-0.047,0.0,공통
축산물,import_kg,수입량,가격·수급,수입 소·돼지고기 물량. 늘면 국산 가격 하락 압력,품목 HS코드 수입 중량 kg (공개된 최신 월),−,유지 (상관 묶음 대표 또는 단독 역할),2.39,15/33,-0.027,0.0,공통
축산물,census_heads,사육 두수,가격·수급,품목별 사육 마릿수(소·돼지·산란계·육계·젖소). 많으면 향후 출하 공급이 늘어 가격 하락 압력,통계청 가축동향 분기 사육 마릿수 (수입 품목은 비어 있음),−,직접 측정으로 교체: 공급 가설이 분명한 사육 두수 (농가 수 대신),1.91,20/33,-0.005,14.8,축산
축산물,stock_ton,축산물 재고,가격·수급,축산물 재고량. 재고가 쌓이면 가격 하락 압력,축산물 재고 톤 (2019-05~),−,유지 (상관 묶음 대표 또는 단독 역할),1.9,21/33,-0.027,25.3,축산
축산물,auction_price_kg,소·돼지 경락가,가격·수급,소·돼지 도체 경락가. 도매 단계 가격으로 소매가의 선행 신호,소·돼지 전국 도체 경락가 원/kg (월),+,유지 (상관 묶음 대표 또는 단독 역할),1.59,26/33,0.037,24.9,축산
축산물,export_kg,수출량,가격·수급,수출 물량 (규모 작음),품목 HS코드 수출 중량 kg,+,유지 (상관 묶음 대표 또는 단독 역할),1.35,27/33,-0.018,0.0,공통
축산물,auction_heads,소·돼지 경락 두수,가격·수급,도축(경락) 두수. 실제 시장 출하 물량,"소·돼지 전국 도체 경락 두수 (월, 평균 등급)",−,유지 (상관 묶음 대표 또는 단독 역할),1.11,30/33,-0.044,24.9,축산
축산물,pig_auction_price_kg,돼지 경락가(탕박),가격·수급,돼지 경락가(탕박). 돼지고기 소매가의 대표 선행 신호,"돼지 도체 경락가 탕박 원/kg (직전 경매일). 돼지·수입 돼지고기에만 적용, 나머지는 해당 없음(-1)",+,도메인 필수 (상관 묶음 압축 시 복원),0.8,31/33,0.004,0.0,축산
축산물,disease_item_cases_28d,품목 감염병 발생 건수 (최근 28일),가격·수급,품목에 맞는 주요 감염병(계란·닭: AI / 돼지: ASF·돼지열병 / 소·우유: 구제역·럼피스킨) 발생 → 살처분·이동 제한으로 공급 감소,품목별 매칭 감염병의 최근 28일 발생 건수 (AI는 2020년 이후 두수가 비어 있어 건수 사용),+,"감염병 피처 교체: 전체 두수는 꿀벌 질병(낭충봉아부패병)이 대부분이고 AI는 2020년 이후 두수 누락. 교체 시 성능 차이 없음(잡음 이내), 발생 시기 행에서 SHAP 0.91%→1.96%",0.71,32/33,0.028,0.0,축산
축산물,intl_사료곡물_옥수수대두밀,국제 사료곡물 지수 (옥수수·대두·밀),경제,"축종별: 사육 기간이 긴 소·돼지는 사료비 부담 → 도태·조기 출하 증가 → 단기 가격 하락(−), 사육 기간이 짧은 닭은 원가가 바로 전가돼 상승(+). 우유는 원유가격 연동제로 무관","intl_옥수수, intl_대두, intl_소맥 → 각각 학습기간(2016~2022) 평균으로 나눠 1로 맞춘 뒤 평균 (있는 값만) · 우유는 해당 없음(-1)",조건부,"잡음 후보 5개 중 단독 유지(시드 8개 검증). 가설 수정: 실제 y와의 관계가 학습·검증 모두 소·돼지 −, 닭 + (축종별 사육 기간 차이)",1.71,24/33,-0.068,0.0,축산
축산물,usd_krw,원/달러 환율,경제,환율이 오르면 수입 사료 곡물과 수입육 원가 상승,원/달러 환율 (주말·휴일은 직전 영업일),+,도메인 필수 (상관 묶음 압축 시 복원),1.14,28/33,0.009,0.0,공통
축산물,premium,지역 프리미엄,통합 모델 전용,지역 가격이 전국보다 비싸거나 싼 정도. 벌어진 차이는 전국 수준으로 되돌아가는 경향,지역 7일 평균 / 전국 7일 평균 − 1 (전국 행은 0),−,통합 모델 구성 요소,9.18,2/33,-0.168,0.0,공통
축산물,nat_r91,전국 13주 변화율,통합 모델 전용,지역 행에서 전국 시장의 13주 변화율. 지역 가격이 전국 흐름을 따라가는 정도를 함께 학습 (전국 행에서는 자기 값과 같음),같은 시계열 전국 가격의 r91 (전국 행은 r91와 동일),−,통합 모델 구성 요소,4.63,5/33,-0.27,12.7,공통
축산물,sgg_nm,지역,통합 모델 전용,지역별 유통 구조·가격 수준 차이. 전국 행은 '전국',"시군구 이름 (범주형, 전국 행은 '전국')",범주,통합 모델 구성 요소,4.63,5/33,,0.0,공통
축산물,nat_vol28,전국 28일 변동성,통합 모델 전용,지역 행에서 전국 시장의 28일 변동성. 지역 가격이 전국 흐름을 따라가는 정도를 함께 학습 (전국 행에서는 자기 값과 같음),같은 시계열 전국 가격의 vol28 (전국 행은 vol28와 동일),조건부,통합 모델 구성 요소,4.2,7/33,-0.042,2.2,공통
축산물,nat_r7,전국 1주 변화율,통합 모델 전용,지역 행에서 전국 시장의 1주 변화율. 지역 가격이 전국 흐름을 따라가는 정도를 함께 학습 (전국 행에서는 자기 값과 같음),같은 시계열 전국 가격의 r7 (전국 행은 r7와 동일),+,통합 모델 구성 요소,2.97,10/33,-0.04,2.0,공통
축산물,nat_yoy,전국 전년 대비,통합 모델 전용,지역 행에서 전국 시장의 전년 대비. 지역 가격이 전국 흐름을 따라가는 정도를 함께 학습 (전국 행에서는 자기 값과 같음),같은 시계열 전국 가격의 yoy (전국 행은 yoy와 동일),−,통합 모델 구성 요소,2.84,12/33,-0.087,29.4,공통
축산물,nat_r28,전국 4주 변화율,통합 모델 전용,지역 행에서 전국 시장의 4주 변화율. 지역 가격이 전국 흐름을 따라가는 정도를 함께 학습 (전국 행에서는 자기 값과 같음),같은 시계열 전국 가격의 r28 (전국 행은 r28와 동일),−,통합 모델 구성 요소,2.76,13/33,-0.112,6.4,공통
축산물,nat_dev_last,전국 오늘 가격/7일 평균,통합 모델 전용,지역 행에서 전국 시장의 오늘 가격/7일 평균. 지역 가격이 전국 흐름을 따라가는 정도를 함께 학습 (전국 행에서는 자기 값과 같음),같은 시계열 전국 가격의 dev_last (전국 행은 dev_last와 동일),+,통합 모델 구성 요소,1.93,19/33,0.172,0.0,공통
축산물,nat_ly_change,전국 작년 같은 시기 변화율,통합 모델 전용,지역 행에서 전국 시장의 작년 같은 시기 변화율. 지역 가격이 전국 흐름을 따라가는 정도를 함께 학습 (전국 행에서는 자기 값과 같음),같은 시계열 전국 가격의 ly_change (전국 행은 ly_change와 동일),+,통합 모델 구성 요소,1.13,29/33,0.041,31.5,공통
수산물,item_cd,품목코드,범주,"고등어·오징어 같은 어획 품목, 굴·전복 같은 양식 품목, 건어물·젓갈의 움직임 차이를 구분",품목 코드 (범주형),범주,유지 (상관 묶음 대표 또는 단독 역할),5.15,6/39,,0.0,공통
수산물,food_group,식재료 계열,범주,등푸른생선·연체류·조개류·건어물 등 계열 구분,식재료 계열 (범주형),범주,유지 (상관 묶음 대표 또는 단독 역할),1.16,24/39,,0.0,농산·수산
수산물,se_nm,소매/중도매,범주,중도매는 산지 위판 변화를 먼저 반영,소매/중도매 (범주형),범주,유지 (상관 묶음 대표 또는 단독 역할),0.98,29/39,,0.0,농산·수산
수산물,dev_last,오늘 가격/7일 평균,가격 이력·달력,오늘 가격의 튐. 어획·위판 변동이 소매가에 바로 반영,오늘 가격 / 최근 7일 평균 (log),+,유지 (상관 묶음 대표 또는 단독 역할),10.17,2/39,0.223,0.0,공통
수산물,r7,1주 변화율,가격 이력·달력,최근 1주 추세,최근 7일 평균 / 1주 전 7일 평균 (log),+,유지 (상관 묶음 대표 또는 단독 역할),5.68,4/39,-0.019,3.5,공통
수산물,r28,4주 변화율,가격 이력·달력,한 달 추세,최근 7일 평균 / 4주 전 7일 평균 (log),조건부,유지 (상관 묶음 대표 또는 단독 역할),5.63,5/39,-0.1,6.4,공통
수산물,yoy,전년 대비,가격 이력·달력,작년보다 비싸면 어획 회복 시 내려갈 가능성,최근 7일 평균 / 1년 전 같은 2주 평균 (log),−,유지 (상관 묶음 대표 또는 단독 역할),5.15,6/39,-0.103,17.1,공통
수산물,r91,13주 변화율,가격 이력·달력,3개월 추세. 수산물은 되돌림 성향이 있음 (EDA: 직전 변화와 상관 −0.16),최근 7일 평균 / 13주 전 7일 평균 (log),−,유지 (상관 묶음 대표 또는 단독 역할),3.95,9/39,-0.09,11.8,공통
수산물,ly_change,작년 같은 시기 변화율,가격 이력·달력,어기·금어기에 따른 계절 반복 (농산물보다 약함),작년 같은 시기의 향후 28일 변화율 (log),+,유지 (상관 묶음 대표 또는 단독 역할),1.69,14/39,0.062,19.9,공통
수산물,vol28,28일 변동성,가격 이력·달력,변동성,최근 28일 일별 가격 변화율(log)의 표준편차,조건부,유지 (상관 묶음 대표 또는 단독 역할),1.35,21/39,0.059,4.6,공통
수산물,days_to_chuseok,추석까지 남은 일수,가격 이력·달력,추석 대목 수요(조기·굴비 등 제수용 생선),다음 추석까지 남은 일수,조건부,신규 추가: 수요 측 변수 공백,1.18,23/39,0.026,0.0,공통
수산물,n_obs28,28일 조사일 수,가격 이력·달력,조사 빈도. 수산물은 품목이 자주 바뀌어 조사가 끊기는 시계열이 많음,최근 28일 중 가격 조사일 수,조건부,세 분야 통일: 조사 신뢰도는 지역 기준 조사일 수 하나로 (수산물은 둘 다 빼면 RMSE +0.00097),0.99,28/39,-0.007,0.0,공통
수산물,woy,주차,가격 이력·달력,어기·금어기·김장철(새우젓·젓갈) 시점,ISO 주차 (1~53),조건부,유지 (상관 묶음 대표 또는 단독 역할),0.89,32/39,0.017,0.0,공통
수산물,days_to_seollal,설까지 남은 일수,가격 이력·달력,설 대목 수요(조기·굴비·전 부치는 생선). 명절 날짜가 해마다 바뀌어 주차로는 잡히지 않는 수요 시점,다음 설날까지 남은 일수,조건부,신규 추가: 수요 측 변수 공백,0.82,33/39,-0.025,0.0,공통
수산물,price_kg,오늘 가격(원/kg),가격·수급,품목 내에서 지금 가격이 높은 구간인지. 높을수록 내려갈 여지,"그날 전국 시장 가격의 중앙값 (원/kg, 단위 환산 후)",−,도메인 필수 (상관 묶음 압축 시 복원),9.29,3/39,-0.049,0.0,공통
수산물,whsl_price_kg,aT 중도매가,가격·수급,aT 중도매가. 도매가가 먼저 움직이고 소매가가 따라가는 선행 신호,"같은 품목의 그날 aT 중도매 가격 (원/kg, 품목 내 중앙값)",+,보완 복원: 선행 가격이 MAFRA 1개뿐이라 aT 중도매가 추가,3.27,11/39,-0.008,22.3,농산·수산
수산물,catch_value_kkrw,어업 생산금액,가격·수급,어업 생산금액. 어획 규모와 산지 가격 수준,품종 어업 생산금액 천원,+,유지 (상관 묶음 대표 또는 단독 역할),1.48,18/39,0.014,8.0,수산
수산물,catch_ton,어업 생산량,가격·수급,어업 생산량. 어획이 줄면 가격 상승 압력,품종 어업 생산량 톤 (월말+35일 공개),−,유지 (상관 묶음 대표 또는 단독 역할),1.38,20/39,0.004,8.0,수산
수산물,export_kg,수출량,가격·수급,수출(김·전복 등)이 늘면 국내 공급 감소,품목 HS코드 수출 중량 kg,+,유지 (상관 묶음 대표 또는 단독 역할),1.19,22/39,0.01,5.9,공통
수산물,mafra_whsl_price_kg,MAFRA 도매시장 가격,가격·수급,전국 도매시장 경락가. 도매 단계 수급을 반영하는 선행 신호,"같은 품목의 그날 MAFRA 전국 도매시장 가격 (원/kg, 단위가 kg인 거래만)",+,유지 (상관 묶음 대표 또는 단독 역할),0.9,31/39,-0.036,48.0,수산
수산물,sea_temp_east_south_west_coast,연근해 수온 (동·남·서해·연안),해양·양식장 환경,회유성 어종의 어장 형성과 어획 시기,"sea_temp_east, sea_temp_south, sea_temp_west, coast_temp_avg → 같은 단위라 그대로 평균 (있는 값만)",조건부,같은 역할 세부 피처 통합: sea_temp_east·sea_temp_south·sea_temp_west·coast_temp_avg,1.09,25/39,-0.005,0.0,수산
수산물,farm_temp_s_b,양식장 수온 (표층·저층),해양·양식장 환경,양식 생물의 성장 속도와 고수온·저수온 폐사,"farm_temp_s, farm_temp_b → 같은 단위라 그대로 평균 (있는 값만) · 양식 품목(굴·전복·홍합·가리비·꼬막·바지락·김·다시마·미역)에만 적용, 나머지는 해당 없음(-1)",조건부,같은 역할 세부 피처 통합: farm_temp_s·farm_temp_b,0.58,35/39,0.029,0.0,수산
수산물,farm_cod_s,어장 COD,해양·양식장 환경,양식장 COD(유기물 오염도). 수질 악화 신호,"전체 양식 어장 수질 조사 평균 (변수 약어는 farmitem_과 같음) · 양식 품목(굴·전복·홍합·가리비·꼬막·바지락·김·다시마·미역)에만 적용, 나머지는 해당 없음(-1)",+,유지 (상관 묶음 대표 또는 단독 역할),0.55,36/39,0.021,0.0,수산
수산물,farm_do_s_b,양식장 용존산소 (표층·저층),해양·양식장 환경,빈산소 수괴에 의한 양식 생물 폐사,"farm_do_s, farm_do_b → 같은 단위라 그대로 평균 (있는 값만) · 양식 품목(굴·전복·홍합·가리비·꼬막·바지락·김·다시마·미역)에만 적용, 나머지는 해당 없음(-1)",−,같은 역할 세부 피처 통합: farm_do_s·farm_do_b,0.3,37/39,-0.032,0.0,수산
수산물,farm_din_dip_s,양식장 표층 영양염 (질소·인),해양·양식장 환경,양식 해조류·패류 생육과 적조 발생 조건,"farm_din_s, farm_dip_s → 각각 학습기간(2016~2022) 평균으로 나눠 1로 맞춘 뒤 평균 (있는 값만) · 양식 품목(굴·전복·홍합·가리비·꼬막·바지락·김·다시마·미역)에만 적용, 나머지는 해당 없음(-1)",−,같은 역할 세부 피처 통합: farm_din_s·farm_dip_s,0.23,38/39,-0.007,0.0,수산
수산물,farm_sal_s,어장 표층염분 (가뭄 프록시),해양·양식장 환경,"가뭄 프록시: 비가 적으면 민물 유입이 줄어 염분↑·영양염↓ → 김 황백화, 굴·전복 생육 부진 → 양식 품목 공급 감소로 가격 상승","전체 양식 어장 수질 조사 평균 (변수 약어는 farmitem_과 같음) · 양식 품목(굴·전복·홍합·가리비·꼬막·바지락·김·다시마·미역)에만 적용, 나머지는 해당 없음(-1)",+,"잡음 후보 5개 중 단독 유지(5개 제거 손실 전부 회복, 시드 3개). 가설을 가뭄 프록시(+)로 수정: 도메인 근거(가뭄기 영양 부족 김 황백화) + 함께 남은 영양염 방향(−)과 같은 현상",0.1,39/39,-0.023,0.0,수산
수산물,cpi_item,품목 소비자물가,경제,그 품목의 소매 물가가 이미 높으면 이후 덜 오르는 경향,"품목 자신의 소비자물가지수 (2020=100, CPI 품목명이 같을 때만)",−,유지 (상관 묶음 대표 또는 단독 역할),4.83,8/39,-0.096,39.7,농산·수산
수산물,fuel_휘발유경유등유,유가 지수 (휘발유·경유·등유),경제,어선·양식장 연료비와 활어·냉동 운송비,"fuel_보통휘발유, fuel_자동차용_경유, fuel_실내등유 → 각각 학습기간(2016~2022) 평균으로 나눠 1로 맞춘 뒤 평균 (있는 값만)",+,같은 역할 세부 피처 통합: fuel_보통휘발유·fuel_자동차용_경유·fuel_실내등유,1.66,15/39,-0.011,0.0,공통
수산물,usd_krw,원/달러 환율,경제,환율이 오르면 수입 수산물 원가 상승,원/달러 환율 (주말·휴일은 직전 영업일),+,유지 (상관 묶음 대표 또는 단독 역할),1.53,17/39,0.009,0.0,공통
수산물,impidx_item_matched,품목 대응 수입물가,경제,"신선 품목은 수입 신선수산물, 가공 품목(건어물·젓갈·건해조·필렛)은 수입 수산가공품 가격. 수입품이 비싸지면 국산 수요로 옮겨 가격 상승 압력",가공 품목: impidx_수산가공품·수산물가공품 평균 / 그 외: impidx_신선수산물,+,품목 대응으로 교체: 신선·가공 수입물가가 모든 수산물에 붙어 있던 것을 품목 성격에 맞게 하나로,0.98,29/39,-0.006,0.0,농산·수산
수산물,premium,지역 프리미엄,통합 모델 전용,지역 가격이 전국보다 비싸거나 싼 정도. 벌어진 차이는 전국 수준으로 되돌아가는 경향,지역 7일 평균 / 전국 7일 평균 − 1 (전국 행은 0),−,통합 모델 구성 요소,11.58,1/39,-0.159,0.0,공통
수산물,sgg_nm,지역,통합 모델 전용,지역별 유통 구조·가격 수준 차이. 전국 행은 '전국',"시군구 이름 (범주형, 전국 행은 '전국')",범주,통합 모델 구성 요소,3.52,10/39,,0.0,공통
수산물,nat_yoy,전국 전년 대비,통합 모델 전용,지역 행에서 전국 시장의 전년 대비. 지역 가격이 전국 흐름을 따라가는 정도를 함께 학습 (전국 행에서는 자기 값과 같음),같은 시계열 전국 가격의 yoy (전국 행은 yoy와 동일),−,통합 모델 구성 요소,2.89,12/39,-0.011,11.8,공통
수산물,nat_ly_change,전국 작년 같은 시기 변화율,통합 모델 전용,지역 행에서 전국 시장의 작년 같은 시기 변화율. 지역 가격이 전국 흐름을 따라가는 정도를 함께 학습 (전국 행에서는 자기 값과 같음),같은 시계열 전국 가격의 ly_change (전국 행은 ly_change와 동일),+,통합 모델 구성 요소,1.87,13/39,0.058,13.7,공통
수산물,nat_vol28,전국 28일 변동성,통합 모델 전용,지역 행에서 전국 시장의 28일 변동성. 지역 가격이 전국 흐름을 따라가는 정도를 함께 학습 (전국 행에서는 자기 값과 같음),같은 시계열 전국 가격의 vol28 (전국 행은 vol28와 동일),조건부,통합 모델 구성 요소,1.58,16/39,0.029,2.5,공통
수산물,nat_dev_last,전국 오늘 가격/7일 평균,통합 모델 전용,지역 행에서 전국 시장의 오늘 가격/7일 평균. 지역 가격이 전국 흐름을 따라가는 정도를 함께 학습 (전국 행에서는 자기 값과 같음),같은 시계열 전국 가격의 dev_last (전국 행은 dev_last와 동일),+,통합 모델 구성 요소,1.45,19/39,0.105,0.0,공통
수산물,nat_r91,전국 13주 변화율,통합 모델 전용,지역 행에서 전국 시장의 13주 변화율. 지역 가격이 전국 흐름을 따라가는 정도를 함께 학습 (전국 행에서는 자기 값과 같음),같은 시계열 전국 가격의 r91 (전국 행은 r91와 동일),−,통합 모델 구성 요소,1.08,26/39,0.013,8.1,공통
수산물,nat_r7,전국 1주 변화율,통합 모델 전용,지역 행에서 전국 시장의 1주 변화율. 지역 가격이 전국 흐름을 따라가는 정도를 함께 학습 (전국 행에서는 자기 값과 같음),같은 시계열 전국 가격의 r7 (전국 행은 r7와 동일),+,통합 모델 구성 요소,1.08,26/39,0.021,2.3,공통
수산물,nat_r28,전국 4주 변화율,통합 모델 전용,지역 행에서 전국 시장의 4주 변화율. 지역 가격이 전국 흐름을 따라가는 정도를 함께 학습 (전국 행에서는 자기 값과 같음),같은 시계열 전국 가격의 r28 (전국 행은 r28와 동일),조건부,통합 모델 구성 요소,0.8,34/39,0.006,4.1,공통
