domain,ctgry_cd,item_cd,item_nm,food_group,nutrition_code,nutrition_name,hs_prefixes,garak_item,kosis_production,search_keywords,note
agri,100,111,쌀,곡류,R101-008000301-0000,멥쌀_백미_생것,1006,,food_crops:미곡,쌀;쌀값,
agri,100,112,찹쌀,곡류,R101-038000301-0000,찹쌀_백미_생것,1006,,food_crops:미곡,찹쌀,
agri,100,113,혼식곡,곡류,R101-047002001-0000,잡곡_현미+찹쌀+현미찹쌀+보리 등_생것,1006;1003,,food_crops:미곡,혼합곡;잡곡,2026-09부터 조사
agri,100,115,현미,곡류,R101-008470501-0000,멥쌀_알찬미_현미_생것,1006,,food_crops:미곡,현미,2026-09부터 조사
agri,100,121,보리쌀,곡류,R101-025010601-0000,보리_겉보리_조곡_생것,1003,,food_crops:맥류,보리쌀,2026-09부터 조사
agri,100,141,콩,두류,R104-012020002-0000,콩(대두)_노란콩_말린것,1201,두류>콩,food_crops:두류,콩;대두;백태,
agri,100,142,팥,두류,R104-018020002-0000,팥_붉은팥_말린것,071332,두류>팥,food_crops:두류,팥,
agri,100,143,녹두,두류,R104-002000002-0000,녹두_말린것,071331,,food_crops:두류,녹두,
agri,100,144,메밀,곡류,R101-004000101-0000,메밀_도정_생것,100810,잡곡류>메밀,food_crops:잡곡,메밀,
agri,100,151,고구마,서류,R102-006000001-0000,고구마_생것,071420,서류>고구마,food_crops:서류,고구마,
agri,100,152,감자,서류,R102-001140001-0000,감자_수미_생것,0701,서류>감자,food_crops:서류,감자,
agri,200,211,배추,엽채류,R106-087000001-0000,배추_생것,070490,엽경채류>배추,veg_leaf:배추,배추;배춧값;김장배추,품종이 계절마다 바뀜(봄/고랭지/가을/월동)
agri,200,212,양배추,엽채류,R106-129000001-0000,양배추_생것,070490,엽경채류>양배추,veg_leaf:양배추,양배추,
agri,200,213,시금치,엽채류,R106-115000001-0000,시금치_생것,070970,엽경채류>시금치,veg_leaf:시금치,시금치,
agri,200,214,상추,엽채류,R106-101163601-0000,상추_치마상추_청상추_생것,07051,엽경채류>상추,veg_leaf:상추,상추,
agri,200,215,얼갈이배추,엽채류,R106-136000001-0000,얼갈이배추_생것,070490,엽경채류>얼갈이배추,veg_leaf:배추,얼갈이배추,
agri,200,216,갓,엽채류,R106-004000001-0000,갓_생것,070999,엽경채류>갓,,갓김치;돌산갓,
agri,200,221,수박,과채류,R108-061030001-0000,수박_적육질_생것,080711,과일과채류>수박,,수박,
agri,200,222,참외,과채류,R108-086004101-0000,참외_씨 제거_생것,080719,과일과채류>참외,,참외,
agri,200,223,오이,과채류,R106-148010001-0000,오이_개량종_생것,0707,과채류>오이,,오이,
agri,200,224,호박,과채류,R106-198060001-0000,호박_쥬키니_생것,070993,과채류>호박,,애호박;쥬키니,
agri,200,225,토마토,과채류,R106-186000001-0000,토마토_생것,0702,과일과채류>토마토,,토마토,
agri,200,226,딸기,과채류,R108-019020001-0000,딸기_설향_생것,081010,과일과채류>딸기,,딸기,
agri,200,231,무,근채류,R106-065027601-0000,무_조선무_뿌리_생것,070690,근채류>무,veg_root:무,무값;김장무,"""무""는 단독 검색어로 부적합"
agri,200,232,당근,근채류,R106-041007601-0000,당근_뿌리_생것,070610,근채류>당근,veg_root:당근,당근,
agri,200,233,열무,엽채류,R106-144000001-0000,열무_생것,070690,엽경채류>열무,,열무,
agri,200,241,건고추,양념채소,R106-018008102-0000,고추_빨간색_말린것,090421,조미채소류>건고추,veg_seasoning:건고추,건고추;고추값,관세청 수집 대상(HS 09) 추가 필요
agri,200,242,풋고추,양념채소,R106-018003101-0000,고추_풋고추_생것,070960,조미채소류>풋고추;조미채소류>꽈리고추,veg_seasoning:풋고추,풋고추;청양고추,
agri,200,243,붉은고추,양념채소,R106-018008101-0000,고추_빨간색_생것,070960,조미채소류>홍고추,veg_seasoning:고추,홍고추,
agri,200,244,피마늘,양념채소,R106-053002201-0000,마늘_구근_생것,070320,조미채소류>마늘,veg_seasoning:마늘,마늘;마늘값,
agri,200,245,양파,양념채소,R106-132000001-0000,양파_생것,070310,조미채소류>양파,veg_seasoning:양파,양파;양파값,
agri,200,246,파,양념채소,R106-191040001-0000,파_대파_생것,070390,조미채소류>대파,veg_seasoning:대파,대파;파값,"""파""는 단독 검색어로 부적합"
agri,200,247,생강,양념채소,R106-101002501-0000,생강_뿌리줄기_생것,091011,조미채소류>생강,veg_seasoning:생강,생강,관세청 수집 대상(HS 09) 추가 필요
agri,200,248,고춧가루,양념채소,R118-007000006-0000,고춧가루_분말화한것,090422,,veg_seasoning:건고추,고춧가루,관세청 수집 대상(HS 09) 추가 필요
agri,200,251,가지,과채류,R106-003000001-0000,가지_생것,070930,과채류>가지,,가지,2026-09부터 조사
agri,200,252,미나리,엽채류,R106-077030001-0000,미나리_물미나리_생것,070999,엽경채류>미나리,,미나리,
agri,200,253,깻잎,엽채류,R106-207007801-0000,들깨_잎_생것,070999,엽경채류>깻잎,,깻잎,
agri,200,254,부추,엽채류,R106-091050001-0000,부추_호부추_생것,070390,엽경채류>부추,,부추,2026-09부터 조사
agri,200,255,피망,과채류,R106-196008301-0000,피망_초록색_생것,070960,양채류>피망(단고추),,피망,
agri,200,256,파프리카,과채류,R106-194008101-0000,파프리카(착색단고추)_빨간색_생것,070960,양채류>파프리카,,파프리카,
agri,200,257,멜론,과채류,R108-034030001-0000,멜론_화이트_생것,080719,과일과채류>멜론,,멜론,
agri,200,258,깐마늘(국산),양념채소,R106-053002201-0000,마늘_구근_생것,070320,조미채소류>마늘,veg_seasoning:마늘,깐마늘,
agri,200,259,깐마늘(수입),양념채소,R106-053002201-0000,마늘_구근_생것,070320,,,깐마늘,2017년에만 조사
agri,200,266,절임배추,엽채류,R106-087000019-0000,배추_소금에 절인것,070490,엽경채류>배추,veg_leaf:배추,절임배추,2023-11 ~ 2024-12만 조사 (김장철)
agri,200,279,알배기배추,엽채류,R106-087000001-0000,배추_생것,070490,엽경채류>배추,veg_leaf:배추,알배기배추;알배추,2023-07부터 조사
agri,200,280,브로콜리,엽채류,R106-092000001-0000,브로콜리_생것,070410,양채류>브로콜리(녹색꽃양배추),,브로콜리,2023-07부터 조사
agri,200,422,방울토마토,과채류,R106-186010001-0000,토마토_방울토마토_생것,0702,과일과채류>방울토마토,,방울토마토,
agri,300,312,참깨,견과·종실류,R105-026020002-0000,참깨_흰깨_말린것,120740,,,참깨,
agri,300,313,들깨,견과·종실류,R105-005000002-0000,들깨_말린것,120799,,,들깨,
agri,300,314,땅콩,견과·종실류,R105-007000002-0000,땅콩_말린것,1202,특용작물류>땅콩,,땅콩,
agri,300,315,느타리버섯,버섯류,R107-004000001-0000,느타리버섯_생것,070959,버섯류>느타리버섯;버섯류>애느타리버섯,,느타리버섯,
agri,300,316,팽이버섯,버섯류,R107-025000001-0000,팽이버섯_생것,070959,버섯류>팽이버섯,,팽이버섯,
agri,300,317,새송이버섯,버섯류,R107-023000001-0000,큰느타리버섯(새송이버섯)_생것,070959,버섯류>새송이버섯,,새송이버섯,
agri,300,318,호두,견과·종실류,R105-035000002-0000,호두_말린것,08023,수실류>호두,,호두,
agri,300,319,아몬드,견과·종실류,R105-020000002-0000,아몬드_말린것,08021,,,아몬드,
agri,400,411,사과,과일,R108-050000001-0000,사과_생것,080810,과실류>사과,fruit:사과,사과;사과값,
agri,400,412,배,과일,R108-038000001-0000,배_생것,080830,과실류>배,fruit:배,배 과일;신고배,"""배""는 단독 검색어로 부적합"
agri,400,413,복숭아,과일,R108-043020001-0000,복숭아_백도_생것,080930,과실류>복숭아,fruit:복숭아,복숭아,
agri,400,414,포도,과일,R108-098070001-0000,포도_캠벨얼리_생것,080610,과실류>포도,fruit:포도,포도;샤인머스캣,
agri,400,415,감귤,과일,R108-010020001-0000,귤_온주밀감_생것,08052,과실류>감귤,fruit:감귤,귤;감귤,
agri,400,416,단감,과일,R108-001010001-0000,감_단감_생것,081070,과실류>단감,fruit:단감,단감,
agri,400,418,바나나,과일(수입),R108-037000001-0000,바나나_생것,0803,과실류>바나나,,바나나,
agri,400,419,참다래,과일,R108-090020001-0000,키위_그린_생것,081050,과실류>참다래(키위),,키위;참다래,
agri,400,420,파인애플,과일(수입),R108-092000001-0000,파인애플_생것,080430,과실류>파인애플,,파인애플,
agri,400,421,오렌지,과일(수입),R108-069000001-0000,오렌지_생것,080510,과실류>오렌지,,오렌지,
agri,400,423,자몽,과일(수입),R108-084000001-0000,자몽(그레이프프루트)_생것,080540,과실류>자몽,,자몽,
agri,400,424,레몬,과일(수입),R108-024000001-0000,레몬_생것,080550,과실류>레몬,,레몬,
agri,400,425,체리,과일(수입),R108-111000001-0000,체리_생것,08092,과실류>체리,,체리,
agri,400,426,건포도,과일(가공),R108-098000002-0000,포도_말린것,080620,,,건포도,
agri,400,427,건블루베리,과일(가공),R108-047000002-0000,블루베리_말린것,081340,,,블루베리,
agri,400,428,망고,과일(수입),R108-028000001-0000,망고_생것,080450,과실류>망고,,망고,
agri,400,429,블루베리,과일,R108-047000001-0000,블루베리_생것,081040,과실류>블루베리,,블루베리,2026-09부터 조사
agri,400,430,아보카도,과일(수입),R108-064000001-0000,아보카도_생것,080440,과실류>아보카도,,아보카도,
agri,400,437,키위,과일,R108-090010001-0000,키위_골드_생것,081050,과실류>참다래(키위),,골드키위,2026-09부터 조사 (골드)
livestock,500,4301,소,쇠고기,R209-027068601-0000,소고기_한우(1등급)_살코기_생것,0201;0202,,census:한우,한우;소고기값,KAMIS는 부위·등급별로 나뉨(영양성분도 부위별 매핑 가능)
livestock,500,4304,돼지,돼지고기,R209-014006601-0000,돼지고기_삼겹살_생것,0203,,census:돼지,삼겹살;돼지고기,KAMIS는 부위별로 나뉨. 돼지 사육두수 통계표 추가 필요
livestock,500,4401,수입 소고기,쇠고기,R209-027018401-0000,소고기_수입산(미국산)_목심(목심살)_생것,0201;0202,,,수입소고기;미국산소고기,
livestock,500,4402,수입 돼지고기,돼지고기,R209-014006601-0000,돼지고기_삼겹살_생것,0203,,,수입삼겹살,영양성분은 국산과 동일 항목 사용
livestock,500,9901,닭,가금류,R209-008008601-0000,닭고기_살코기_생것,02071,,census:닭,닭고기;생닭,닭 사육두수 통계표 추가 필요
livestock,500,9903,계란,난류,R210-003000001-0000,달걀_생것,0407,,census:산란계,계란;달걀;계란값,
livestock,500,9908,우유,유제품,R213-009000000-0000,우유,0401,,census:젖소,우유,
fishery,600,611,고등어,등푸른생선,R211-021014001-0008,고등어류_고등어_육_생것_대표_8월,030244;030354,,fishery:고등어,고등어,영양성분은 월별 표본 중 대표값 사용
fishery,600,612,꽁치,등푸른생선,R211-037014001-0000,꽁치_육_생것_원양산_평균,030289;030389,,fishery:꽁치,꽁치,
fishery,600,613,갈치,흰살생선,R211-011014001-0402,갈치류_갈치_육_생것_인천_평균,030289;030389,,fishery:갈치,갈치,
fishery,600,614,조기,흰살생선,R211-227014001-0000,조기류_참조기_육_생것_대표_평균,030289;030389,,fishery:참조기,조기;굴비,
fishery,600,615,명태,흰살생선,R211-107034001-5519,명태_육_생것_수입_평균,030367,,fishery:명태,명태;동태,
fishery,600,616,삼치,등푸른생선,R211-171014001-0000,삼치류_삼치_육_생것_대표_평균,030289;030389,,fishery:삼치류,삼치,
fishery,600,619,물오징어,연체류,R211-667094001-1200,오징어류_살오징어_육_생것_부산_5월,030742;030743,,fishery:살오징어(오징어),오징어,
fishery,600,638,마른멸치,건어물,R211-105033902-0000,멸치_전체_말린것_대표_평균,030559,,fishery:멸치,멸치;국물멸치,
fishery,600,639,북어,건어물,R211-107054002-0000,북어_육_말린것_대표_평균,030559,,fishery:명태,북어;황태,
fishery,600,640,마른오징어,건어물,R211-667094001-1200,오징어류_살오징어_육_생것_부산_5월,030749,,fishery:살오징어(오징어),마른오징어,영양성분은 생물 기준(말린것 항목 없음)
fishery,600,641,김,해조류,R112-813013902-0766,김류_김_전체_말린것_여수_평균,121221,,fishery:김류,김;김값,
fishery,600,642,마른미역,해조류,R112-829013902-0467,미역류_미역_전체_말린것_완도_평균,121221,건제품>미역,fishery:미역류,미역,
fishery,600,644,굴,조개류,R211-473074001-0000,굴류_참굴_육_생것_대표_평균,03071,,fishery:굴류,굴;생굴,
fishery,600,649,수입조기,흰살생선,R211-227014001-0000,조기류_참조기_육_생것_대표_평균,030389,,,수입조기,
fishery,600,650,새우젓,젓갈·조미료,R211-717273971-5402,새우류_젓새우_전체_젓갈_대표_평균,030695;160521,,fishery:젓새우류,새우젓,
fishery,600,651,멸치액젓,젓갈·조미료,R211-105034077-0000,멸치_육_젓갈(액젓)_대표_평균,210390,,fishery:멸치,멸치액젓,관세청 HS 21 미수집
fishery,600,652,천일염,젓갈·조미료,R318-020030000-0000,소금_천일염,2501,,,천일염;소금,관세청 수집 대상(HS 25) 추가 필요
fishery,600,653,전복,조개류,R211-509074001-0006,전복류_전복_육_생것_대표_6월,03078,,fishery:전복류,전복,
fishery,600,654,새우,갑각류,R211-717417401-0000,"새우류_흰다리새우_양식,육_생것_대표_평균",03061;03063;03069,,fishery:흰다리새우,새우;대하,
fishery,600,656,꽃게,갑각류,R211-715014001-0000,게류_꽃게_육_생것_대표_평균,030614;030633,,fishery:꽃게,꽃게,
fishery,600,658,홍합,조개류,R211-523057401-0000,"홍합류_진주담치_양식,육_생것_대표_평균",03073,,fishery:홍합류,홍합,
fishery,600,659,가리비,조개류,R211-461014001-0000,가리비류_가리비_육_생것_대표_평균,03072,,fishery:가리비류,가리비,
fishery,600,660,건다시마,해조류,R112-819033902-0318,다시마류_참다시마_전체_말린것_해남_7월,121221,,fishery:다시마류,다시마,
fishery,600,661,바지락,조개류,R211-485017401-0000,"바지락_양식,육_생것_대표_평균",03077,,fishery:바지락,바지락,
fishery,600,662,고등어필렛,등푸른생선,R211-021014001-0008,고등어류_고등어_육_생것_대표_8월,030489,,fishery:고등어,고등어필렛,
fishery,600,663,전어,등푸른생선,R211-221017401-0000,"전어_양식,육_생것_대표_평균",030289,,fishery:전어,전어,
fishery,600,664,낙지,연체류,R211-665014001-0000,문어류_낙지_육_생것_대표_평균,03075,,fishery:낙지류,낙지,
fishery,600,665,꼬막,조개류,R211-475034001-0000,꼬막류_새꼬막_육_생것_대표_평균,03077,,fishery:꼬막,꼬막,
