item_nm,unit,vrty_contains,g_per_unit,basis,source
가지,개,,150,1개 약 150g,영양정보 사이트 1개 기준(추정)
갈치,마리,수입,450,수입 냉동 중 400~500g 중간값(원물),KAMIS 수산물 가격조사 기준 2023
갈치,마리,,350,국산 중 300~400g 중간값(원물),KAMIS 수산물 가격조사 기준 2023
감귤,개,,95,M과 83~107g 중간값,KAMIS 조사요령 2023
계란,구,,64,특란(XL) 60g 이상 68g 미만 중간값,축산물 등급판정 세부기준 별표23 계란 중량규격
고등어,마리,수입,450,수입 냉동 중 400~500g 중간값(원물),KAMIS 수산물 가격조사 기준 2023
고등어,마리,,350,국산 중 300~400g 중간값(원물),KAMIS 수산물 가격조사 기준 2023
고등어,손,,500,염장 1손=2마리 500g,KAMIS 수산물 가격조사 기준 2023
김,속,,250,1속(100장) 250g 내외,KAMIS 수산물 가격조사 기준 2023
김,장,,2.5,1속(100장) 250g 내외,KAMIS 수산물 가격조사 기준 2023
꽁치,마리,,135,수입냉동 120~150g 중간값,KAMIS 수산물 가격조사 기준 2023
단감,개,,230,소매 상품 220~240g 중간값,KAMIS 조사요령 2023
레몬,개,,150,소매 상품 150g,KAMIS 조사요령 2023
마른오징어,마리,,75,20마리당 1.5kg,KAMIS 수산물 가격조사 기준 2023
망고,개,,360,상품 320~400g 중간값,KAMIS 조사요령 2023
멜론,개,,1750,상품 하절기 1.6~2.0kg·동절기 1.5~1.9kg 평균,KAMIS 조사요령 2023
명태,마리,,580,중 540~620g 중간값,KAMIS 수산물 가격조사 기준 2023
무,개,월동,1800,개당 무게 월동 1.6~2.0kg 중간값,KAMIS 조사규격(standardList)
무,개,봄,2250,개당 무게 봄 2.0~2.5kg 중간값,KAMIS 조사규격(standardList)
무,개,고랭지,2250,개당 무게 고랭지 2.0~2.5kg 중간값,KAMIS 조사규격(standardList)
무,개,가을,1500,개당 무게 가을 1.3~1.7kg 중간값,KAMIS 조사규격(standardList)
무,개,,1800,개당 무게 계절 미상 시 평균 중간값,추정
물오징어,마리,,350,중 300~400g 중간값,KAMIS 수산물 가격조사 기준 2023
배,개,원황,500,소매 상품 470~530g 중간값,KAMIS 조사요령 2023
배,개,신고,600,소매 상품 550~650g 중간값,KAMIS 조사요령 2023
배,개,,580,품종 미상 시 평균,추정
배추,포기,월동,3500,상품 3.0~4.0kg 중간값 (겨울),KAMIS 조사요령 2023
배추,포기,봄,3000,상품 2.5~3.5kg 중간값,KAMIS 조사요령 2023
배추,포기,고랭지,2500,상품 2.0~3.0kg 중간값,KAMIS 조사요령 2023
배추,포기,겨울,3500,상품 3.0~4.0kg 중간값,KAMIS 조사요령 2023
배추,포기,가을,3500,상품 3.0~4.0kg 중간값,KAMIS 조사요령 2023
배추,포기,,3000,품종 미상 시 연평균 근사,추정
복숭아,개,,270,소매 상품 270g,KAMIS 조사요령 2023
북어,마리,,100,황태 20마리당 2kg,KAMIS 수산물 가격조사 기준 2023
브로콜리,개,,350,한 송이 250~500g,유통 규격 검색
사과,개,후지,335,소매 상품 300~370g 중간값,KAMIS 조사요령 2023
사과,개,홍로,305,소매 상품 280~330g 중간값,KAMIS 조사요령 2023
사과,개,쓰가루,305,소매 상품 280~330g 중간값,KAMIS 조사요령 2023
사과,개,,320,품종 미상 시 평균,추정
삼치,마리,,600,냉동 9kg 상자당 14~16미,업소용 유통 규격 검색
새우,마리,,25,흰다리새우 중품 20~30g 중간값,KAMIS 수산물 가격조사 기준 2023
수박,개,,8000,상품 5~6월 8kg·7~8월 10kg·9~10월 8kg·11~4월 6kg 중 대표값,KAMIS 조사요령 2023
수입조기,마리,,325,수입부세 300~350g 중간값,KAMIS 수산물 가격조사 기준 2023
아보카도,개,,220,소매 상품 220g,KAMIS 조사요령 2023
알배기배추,포기,,600,온라인 유통 규격 1통 450~700g,유통 규격 검색(쿠팡·식봄·현대식품관)
양배추,포기,,3500,상품 3.0~4.0kg 중간값,KAMIS 조사요령 2023
오렌지,개,,250,소매 상품 250g,KAMIS 조사요령 2023
오이,개,취청,240,상품 220~260g 중간값,KAMIS 조사요령 2023
오이,개,다다기,215,상품 200~230g 중간값,KAMIS 조사요령 2023
오이,개,가시,250,상품 230~270g 중간값,KAMIS 조사요령 2023
오이,개,,230,품종 미상 시 평균,추정
전복,마리,,65,중품 60~70g 중간값,KAMIS 수산물 가격조사 기준 2023
전어,마리,,90,1kg당 10~13미,유통 규격 검색
조기,마리,,90,참조기 중 80~100g 중간값 (굴비 동일 적용),KAMIS 수산물 가격조사 기준 2023
참다래,개,,105,국산 상 100g 이상·수입 상 105g 이상,KAMIS 조사요령 2023
참외,개,,290,소매 상품 250~325g 중간값,KAMIS 조사요령 2023
키위,개,,105,참다래 기준 준용,추정
파인애플,개,,2250,상품 2~2.5kg 중간값,KAMIS 조사요령 2023
파프리카,개,,200,소매 조사단위 200g 기준,KAMIS 조사요령 2023
호박,개,쥬키니,475,상품 450~500g 중간값,KAMIS 조사요령 2023
호박,개,애호박,375,상품 350~400g 중간값,KAMIS 조사요령 2023
호박,개,,400,품종 미상 시 평균,추정
